UoM_Wireless1,UoM_Wireless6,UoM_Wireless11,eduroam1,eduroam6,eduroam11,Jungle Book10,PROLINK_H5004NK_8766E11,UNIC-wifi11,id
-100,-72,-71,-100,-71,-75,-100,-100,-100,5
-100,-54,-90,-100,-53,-100,-84,-63,-100,1
-100,-83,-90,-100,-84,-88,-90,-100,-100,2
-100,-100,-100,-100,-100,-100,-100,-100,-100,3
-100,-75,-83,-100,-67,-100,-100,-100,-100,7
-80,-100,-100,-80,-100,-100,-70,-68,-100,4
-72,-87,-100,-100,-89,-100,-62,-86,-100,6
-100,-73,-70,-100,-73,-73,-88,-100,-100,5
-100,-55,-100,-87,-53,-100,-83,-67,-100,1
-100,-92,-87,-100,-100,-88,-74,-100,-100,2
-100,-100,-100,-100,-100,-100,-100,-100,-100,3
-100,-78,-82,-100,-70,-100,-100,-100,-100,7
-73,-90,-100,-100,-90,-100,-50,-92,-100,6
-100,-89,-100,-100,-100,-100,-68,-71,-100,4
-100,-72,-75,-100,-69,-74,-86,-100,-100,5
-100,-56,-100,-89,-54,-100,-86,-65,-100,1
-100,-85,-84,-100,-100,-86,-87,-93,-100,2
-100,-100,-100,-100,-100,-100,-100,-100,-100,3
-100,-80,-84,-100,-68,-100,-100,-100,-100,7
-71,-88,-100,-70,-87,-100,-58,-100,-100,6
-100,-72,-76,-100,-71,-74,-100,-100,-100,5
-100,-89,-100,-100,-85,-100,-71,-66,-100,4
-87,-56,-89,-100,-55,-89,-77,-73,-100,1
-100,-82,-83,-100,-100,-86,-73,-89,-100,2
-100,-78,-82,-100,-71,-100,-100,-100,-100,7
-100,-100,-100,-100,-100,-100,-100,-100,-100,3
-68,-89,-100,-100,-87,-100,-48,-88,-100,6
-100,-73,-75,-100,-72,-74,-100,-100,-100,5
-100,-60,-92,-90,-61,-93,-87,-69,-100,1
-100,-84,-85,-100,-83,-85,-77,-100,-100,2
-81,-85,-100,-83,-100,-100,-68,-100,-100,4
-100,-78,-82,-100,-76,-100,-100,-100,-100,7
-100,-100,-100,-100,-100,-100,-100,-100,-100,3
-68,-93,-100,-100,-90,-100,-58,-84,-100,6
-100,-72,-74,-100,-100,-73,-90,-100,-100,5
-88,-61,-92,-100,-59,-91,-86,-65,-100,1
-88,-81,-83,-100,-92,-100,-100,-100,-100,7
-100,-89,-86,-100,-100,-88,-75,-92,-100,2
-100,-100,-100,-100,-100,-100,-100,-100,-100,3
-71,-100,-100,-69,-100,-100,-100,-100,-100,6
-84,-100,-100,-100,-100,-100,-100,-70,-100,4
-100,-79,-70,-100,-77,-100,-100,-100,-100,5
-100,-57,-88,-100,-57,-89,-100,-67,-100,1
-93,-84,-83,-100,-82,-80,-100,-100,-100,7
-100,-84,-84,-100,-85,-86,-100,-100,-100,2
-100,-100,-100,-100,-100,-100,-100,-100,-100,3
-69,-93,-100,-69,-100,-100,-100,-100,-100,6
-100,-72,-100,-100,-100,-100,-100,-100,-100,5
-83,-100,-100,-100,-100,-100,-100,-71,-100,4
-84,-64,-100,-100,-64,-100,-100,-67,-100,1
-100,-86,-89,-100,-100,-89,-100,-100,-100,2
-88,-81,-84,-100,-100,-100,-100,-100,-100,7
-69,-92,-100,-69,-100,-100,-100,-100,-100,6
-100,-100,-100,-100,-100,-100,-100,-100,-100,3
-100,-74,-70,-100,-74,-74,-88,-100,-100,5
-86,-63,-100,-89,-61,-91,-88,-72,-100,1
-100,-84,-81,-100,-82,-100,-100,-100,-100,7
-77,-100,-100,-73,-100,-100,-77,-58,-100,4
-100,-87,-85,-100,-100,-100,-78,-90,-100,2
-68,-100,-100,-67,-89,-100,-50,-100,-100,6
-100,-100,-70,-100,-100,-74,-88,-100,-100,5
-100,-100,-100,-100,-100,-100,-100,-100,-100,3
-100,-63,-92,-100,-63,-100,-86,-68,-100,1
-100,-77,-100,-100,-69,-100,-100,-100,-100,7
-100,-86,-86,-100,-100,-88,-74,-89,-100,2
-82,-89,-100,-100,-100,-100,-73,-62,-100,4
-68,-89,-100,-69,-88,-100,-60,-100,-100,6
-100,-73,-71,-100,-73,-100,-100,-100,-100,5
-81,-59,-100,-100,-60,-100,-100,-74,-100,1
-100,-100,-100,-100,-100,-100,-100,-100,-100,3
-100,-77,-80,-93,-68,-100,-100,-100,-100,7
-100,-100,-81,-100,-92,-84,-100,-100,-100,2
-67,-100,-100,-100,-100,-100,-100,-100,-100,6
-100,-74,-75,-100,-100,-100,-100,-100,-100,5
-80,-92,-100,-82,-100,-100,-100,-64,-100,4
-85,-64,-100,-82,-60,-100,-100,-70,-100,1
-100,-100,-100,-100,-100,-100,-100,-100,-100,3
-92,-77,-83,-100,-67,-100,-100,-100,-100,7
-100,-88,-90,-100,-100,-87,-100,-100,-100,2
-68,-92,-100,-67,-100,-100,-100,-100,-100,6
-100,-67,-73,-100,-67,-72,-100,-100,-100,5
-100,-66,-100,-100,-64,-100,-100,-78,-100,1
-83,-91,-100,-85,-100,-100,-100,-65,-100,4
-90,-79,-87,-100,-66,-80,-100,-100,-100,7
-100,-100,-100,-100,-100,-100,-100,-100,-100,3
-100,-81,-85,-100,-100,-88,-100,-100,-100,2
-69,-91,-100,-68,-90,-100,-50,-100,-100,6
-100,-74,-71,-100,-72,-100,-86,-100,-100,5
-87,-63,-100,-86,-66,-100,-85,-71,-100,1
-89,-76,-83,-100,-66,-84,-100,-100,-100,7
-100,-100,-100,-100,-100,-100,-100,-100,-100,3
-100,-86,-100,-100,-100,-100,-100,-63,-100,4
-100,-100,-89,-100,-100,-100,-100,-100,-100,2
-69,-90,-100,-68,-89,-100,-100,-100,-100,6
-100,-75,-73,-100,-100,-100,-100,-100,-100,5
-87,-55,-100,-100,-56,-100,-100,-62,-100,1
-92,-76,-81,-92,-77,-100,-100,-100,-100,7
-100,-100,-100,-100,-100,-100,-100,-100,-100,3
-100,-83,-87,-100,-100,-85,-100,-100,-100,2
-100,-87,-100,-67,-100,-100,-100,-100,-100,6
-78,-100,-100,-100,-100,-100,-100,-67,-100,4
-100,-70,-71,-100,-67,-77,-100,-100,-100,5
-83,-63,-88,-100,-64,-90,-100,-70,-100,1
-92,-78,-83,-100,-78,-83,-100,-100,-100,7
-100,-83,-89,-100,-100,-88,-100,-100,-100,2
-100,-100,-100,-100,-100,-100,-100,-100,-100,3
-67,-93,-100,-67,-87,-100,-100,-100,-100,6
-100,-68,-76,-100,-65,-75,-100,-100,-100,5
-79,-92,-100,-100,-100,-100,-76,-66,-100,4
-84,-58,-89,-100,-59,-86,-83,-65,-100,1
-100,-79,-84,-100,-77,-100,-100,-100,-100,7
-100,-83,-84,-100,-83,-87,-72,-100,-100,2
-68,-88,-100,-67,-100,-100,-48,-100,-100,6
-100,-100,-100,-100,-100,-100,-100,-100,-100,3
-100,-71,-75,-100,-70,-75,-83,-100,-100,5
-79,-58,-100,-77,-59,-100,-90,-66,-100,1
-79,-93,-100,-100,-100,-100,-76,-67,-100,4
-100,-78,-82,-100,-69,-83,-100,-100,-100,7
-67,-89,-100,-65,-90,-100,-61,-100,-100,6
-100,-84,-86,-100,-100,-88,-100,-100,-100,2
-100,-100,-100,-100,-100,-100,-100,-100,-100,3
-100,-73,-76,-100,-73,-77,-100,-100,-100,5
-100,-58,-100,-100,-60,-100,-100,-72,-100,1
-89,-78,-100,-100,-77,-84,-100,-100,-100,7
-100,-100,-100,-82,-100,-100,-100,-100,-100,4
-100,-81,-88,-100,-100,-88,-100,-100,-100,2
-67,-90,-100,-65,-92,-100,-100,-100,-100,6
-100,-73,-81,-100,-73,-100,-100,-100,-100,5
-100,-100,-100,-100,-100,-100,-100,-100,-100,3
-100,-64,-100,-88,-62,-100,-100,-72,-100,1
-91,-77,-82,-100,-76,-81,-100,-100,-100,7
-68,-88,-100,-68,-88,-100,-100,-100,-100,6
-100,-85,-86,-100,-100,-100,-100,-100,-100,2
-100,-71,-100,-100,-73,-100,-100,-100,-100,5
-100,-100,-100,-100,-100,-100,-100,-100,-100,3
-100,-63,-100,-100,-62,-100,-100,-100,-100,1
-90,-77,-85,-100,-78,-100,-100,-100,-100,7
-85,-100,-100,-100,-100,-100,-100,-71,-100,4
-81,-89,-100,-100,-100,-100,-100,-100,-100,6
-100,-85,-92,-100,-100,-100,-86,-100,-100,2
-100,-69,-77,-100,-69,-76,-100,-100,-100,5
-100,-61,-100,-100,-62,-100,-100,-100,-100,1
-100,-100,-100,-100,-100,-100,-100,-100,-100,3
-89,-75,-86,-100,-76,-100,-100,-100,-100,7
-81,-100,-100,-84,-100,-100,-74,-100,-100,4
-65,-87,-100,-65,-91,-100,-100,-100,-100,6
-100,-72,-77,-100,-100,-77,-100,-100,-100,5
-100,-100,-90,-100,-91,-89,-100,-88,-100,2
-100,-59,-100,-100,-57,-100,-100,-69,-100,1
-90,-79,-92,-100,-69,-100,-100,-100,-100,7
-100,-100,-100,-100,-100,-100,-100,-100,-100,3
-89,-91,-100,-100,-90,-100,-100,-62,-100,4
-72,-100,-100,-72,-100,-100,-100,-100,-100,6
-100,-69,-80,-100,-68,-83,-100,-100,-100,5
-100,-100,-89,-100,-100,-88,-100,-100,-100,2
-100,-62,-100,-100,-60,-100,-100,-100,-100,1
-92,-80,-86,-100,-77,-100,-100,-100,-100,7
-100,-100,-100,-100,-100,-100,-100,-100,-100,3
-73,-100,-100,-73,-100,-100,-100,-100,-100,6
-93,-82,-88,-100,-100,-80,-100,-94,-100,2
-82,-91,-100,-82,-100,-100,-100,-63,-100,4
-100,-70,-80,-100,-68,-100,-100,-100,-100,5
-81,-65,-100,-100,-64,-100,-100,-68,-100,1
-93,-77,-82,-100,-72,-84,-100,-100,-100,7
-100,-100,-100,-100,-100,-100,-100,-100,-100,3
-100,-80,-83,-100,-100,-100,-100,-100,-100,5
-72,-100,-100,-100,-100,-100,-100,-100,-100,6
-91,-84,-85,-100,-100,-86,-100,-85,-100,2
-100,-100,-100,-100,-100,-100,-100,-62,-100,4
-100,-63,-100,-100,-63,-100,-100,-100,-100,1
-100,-78,-84,-100,-71,-83,-100,-100,-100,7
-67,-100,-100,-65,-100,-100,-100,-100,-100,6
-100,-100,-100,-100,-100,-100,-100,-100,-100,3
-100,-72,-82,-100,-69,-84,-100,-100,-100,5
-100,-77,-81,-100,-100,-86,-100,-87,-100,2
-87,-61,-100,-100,-60,-100,-100,-73,-100,1
-89,-77,-82,-100,-70,-83,-100,-100,-100,7
-74,-100,-100,-77,-100,-100,-100,-83,-100,6
-100,-69,-78,-100,-69,-76,-100,-100,-100,5
-100,-100,-100,-100,-100,-100,-100,-100,-100,3
-76,-86,-100,-100,-100,-100,-100,-67,-100,4
-100,-81,-80,-100,-100,-80,-100,-100,-100,2
-100,-56,-100,-84,-57,-100,-85,-65,-100,1
-100,-79,-84,-100,-79,-84,-100,-100,-100,7
-75,-100,-100,-70,-100,-100,-48,-87,-100,6
-100,-73,-76,-100,-73,-78,-100,-100,-100,5
-78,-100,-100,-100,-100,-100,-79,-65,-100,4
-100,-100,-100,-100,-100,-100,-100,-100,-100,3
-100,-65,-100,-100,-65,-100,-88,-65,-100,1
-89,-85,-80,-87,-100,-79,-88,-89,-100,2
-100,-75,-84,-100,-69,-82,-100,-100,-100,7
-73,-100,-100,-76,-100,-100,-61,-100,-100,6
-100,-75,-77,-100,-76,-74,-100,-100,-100,5
-78,-100,-100,-78,-100,-100,-82,-67,-100,4
-100,-100,-100,-100,-100,-100,-100,-100,-100,3
-100,-100,-87,-100,-100,-81,-75,-100,-100,2
-100,-63,-100,-100,-64,-100,-78,-66,-100,1
-100,-77,-100,-100,-72,-86,-100,-100,-100,7
-100,-100,-100,-100,-100,-100,-60,-100,-100,6
-100,-76,-78,-100,-73,-75,-100,-100,-100,5
-83,-59,-100,-100,-58,-100,-80,-68,-100,1
-87,-100,-87,-100,-100,-85,-77,-100,-100,2
-100,-100,-100,-100,-100,-100,-100,-100,-100,3
-100,-100,-100,-100,-100,-100,-76,-65,-100,4
-92,-75,-86,-100,-72,-83,-100,-100,-100,7
-74,-100,-100,-70,-100,-100,-58,-100,-100,6
-100,-77,-80,-100,-74,-100,-100,-100,-100,5
-100,-56,-100,-100,-56,-100,-88,-65,-100,1
-89,-79,-84,-76,-83,-74,-87,-92,-100,2
-100,-100,-100,-100,-100,-100,-100,-100,-100,3
-90,-77,-84,-100,-75,-84,-100,-100,-100,7
-100,-100,-100,-100,-88,-100,-79,-65,-100,4
-68,-100,-100,-70,-100,-100,-59,-91,-100,6
-100,-73,-74,-100,-100,-100,-100,-100,-100,5
-100,-62,-100,-80,-60,-100,-84,-65,-100,1
-86,-85,-92,-100,-100,-84,-84,-87,-100,2
-90,-75,-85,-100,-70,-100,-100,-100,-100,7
-100,-100,-100,-100,-100,-100,-100,-100,-100,3
-67,-89,-100,-100,-100,-100,-100,-100,-100,6
-100,-77,-75,-100,-76,-72,-100,-100,-100,5
-85,-91,-100,-100,-100,-100,-100,-64,-100,4
-100,-58,-100,-87,-58,-100,-100,-71,-100,1
-100,-100,-85,-100,-100,-85,-100,-92,-100,2
-92,-77,-83,-100,-75,-100,-100,-100,-100,7
-100,-100,-100,-100,-100,-100,-100,-100,-100,3
-79,-100,-100,-100,-100,-100,-100,-100,-100,6
-100,-65,-75,-100,-64,-81,-100,-100,-100,5
-90,-62,-100,-92,-64,-100,-100,-68,-100,1
-83,-88,-100,-100,-88,-100,-100,-64,-100,4
-100,-100,-84,-100,-100,-82,-100,-92,-100,2
-100,-79,-80,-100,-100,-100,-100,-100,-100,7
-70,-100,-100,-70,-100,-100,-100,-100,-100,6
-100,-100,-100,-100,-100,-100,-100,-100,-100,3
-100,-69,-73,-100,-69,-74,-100,-100,-100,5
-100,-62,-100,-100,-60,-100,-86,-68,-100,1
-100,-91,-86,-100,-79,-90,-92,-100,-100,2
-90,-76,-82,-100,-74,-83,-100,-100,-100,7
-86,-91,-100,-80,-100,-100,-83,-64,-100,4
-65,-100,-100,-67,-100,-100,-63,-100,-100,6
-100,-100,-100,-100,-100,-100,-100,-100,-100,3
-100,-62,-71,-100,-62,-74,-100,-100,-100,5
-87,-60,-100,-100,-59,-100,-88,-74,-100,1
-91,-77,-81,-100,-100,-82,-100,-100,-100,7
-100,-74,-83,-100,-91,-87,-80,-88,-100,2
-91,-100,-100,-100,-100,-100,-86,-64,-100,4
-81,-100,-100,-100,-100,-100,-57,-100,-100,6
-100,-69,-81,-100,-69,-100,-100,-100,-100,5
-100,-100,-100,-100,-100,-100,-100,-100,-100,3
-100,-60,-100,-100,-59,-100,-87,-69,-100,1
-91,-77,-83,-100,-76,-100,-100,-100,-100,7
-91,-91,-85,-100,-84,-84,-100,-89,-100,2
-82,-100,-100,-83,-100,-100,-100,-100,-100,6
-100,-66,-100,-100,-66,-100,-100,-100,-100,5
-90,-100,-100,-100,-100,-100,-100,-63,-100,4
-100,-100,-100,-100,-100,-100,-100,-100,-100,3
-89,-55,-91,-100,-54,-100,-100,-73,-100,1
-92,-79,-84,-100,-77,-74,-100,-100,-100,7
-86,-79,-87,-100,-100,-86,-100,-88,-100,2
-69,-100,-100,-100,-100,-100,-100,-84,-100,6
-100,-68,-77,-100,-100,-100,-100,-100,-100,5
-100,-100,-100,-100,-100,-100,-100,-100,-100,3
-87,-59,-100,-86,-58,-100,-100,-65,-100,1
-94,-78,-82,-100,-70,-81,-100,-100,-100,7
-90,-82,-82,-100,-100,-81,-100,-100,-100,2
-64,-100,-100,-66,-100,-100,-100,-100,-100,6
-100,-73,-79,-100,-74,-82,-100,-100,-100,5
-90,-62,-100,-90,-63,-100,-88,-68,-100,1
-100,-100,-100,-100,-100,-100,-100,-100,-100,3
-100,-76,-82,-93,-77,-100,-100,-100,-100,7
-100,-100,-100,-100,-100,-100,-100,-100,-100,6
-100,-83,-83,-100,-100,-75,-100,-100,-100,2
-100,-72,-81,-100,-100,-86,-100,-100,-100,5
-100,-57,-100,-100,-59,-100,-100,-61,-100,1
-92,-76,-84,-100,-73,-100,-100,-100,-100,7
-100,-100,-100,-100,-100,-100,-100,-100,-100,3
-76,-100,-100,-74,-100,-100,-100,-100,-100,6
-88,-100,-83,-100,-100,-82,-100,-91,-100,2
-100,-76,-78,-100,-74,-80,-100,-100,-100,5
-100,-61,-100,-87,-61,-100,-100,-100,-100,1
-100,-78,-100,-100,-76,-100,-100,-100,-100,7
-100,-100,-100,-100,-100,-100,-100,-100,-100,3
-90,-100,-83,-92,-83,-77,-100,-100,-100,2
-70,-100,-100,-73,-100,-100,-100,-100,-100,6
-100,-67,-81,-100,-70,-100,-100,-100,-100,5
-100,-60,-90,-100,-59,-88,-86,-68,-100,1
-91,-77,-80,-100,-69,-81,-100,-100,-100,7
-72,-100,-100,-72,-100,-100,-57,-81,-100,6
-100,-100,-100,-100,-100,-100,-100,-100,-100,3
-89,-87,-89,-100,-100,-89,-85,-100,-100,2
-100,-64,-76,-100,-67,-100,-100,-100,-100,5
-83,-60,-100,-100,-62,-100,-100,-67,-100,1
-93,-79,-82,-100,-76,-100,-100,-100,-100,7
-68,-100,-100,-67,-100,-100,-100,-80,-100,6
-100,-100,-100,-100,-100,-100,-100,-100,-100,3
-100,-83,-84,-88,-84,-87,-100,-100,-100,2
-100,-68,-80,-100,-100,-77,-100,-100,-100,5
-100,-59,-92,-100,-58,-90,-100,-63,-100,1
-94,-77,-83,-100,-71,-82,-100,-100,-100,7
-68,-100,-100,-70,-100,-100,-100,-81,-100,6
-100,-66,-100,-100,-66,-79,-100,-100,-100,5
-90,-84,-85,-100,-100,-100,-100,-100,-100,2
-100,-100,-100,-100,-100,-100,-100,-100,-100,3
-100,-58,-90,-100,-58,-100,-100,-70,-100,1
-90,-76,-84,-100,-72,-86,-100,-100,-100,7
-68,-100,-100,-69,-100,-100,-61,-85,-100,6
-100,-72,-79,-100,-73,-79,-100,-100,-100,5
-100,-85,-85,-100,-100,-72,-88,-100,-100,2
-100,-100,-100,-100,-100,-100,-100,-100,-100,3
-100,-100,-100,-100,-89,-100,-77,-56,-100,4
-79,-56,-92,-100,-53,-100,-78,-60,-100,1
-100,-76,-82,-93,-68,-83,-100,-100,-100,7
-68,-100,-100,-67,-100,-100,-58,-100,-100,6
-91,-88,-90,-93,-100,-88,-87,-100,-100,2
-100,-72,-81,-100,-74,-100,-100,-100,-100,5
-100,-100,-100,-100,-100,-100,-100,-100,-100,3
-80,-59,-84,-100,-59,-82,-100,-64,-100,1
-100,-88,-100,-100,-100,-100,-100,-64,-100,4
-89,-76,-81,-100,-74,-100,-100,-100,-100,7
-70,-100,-100,-100,-100,-100,-100,-84,-100,6
-100,-72,-80,-100,-72,-100,-100,-100,-100,5
-92,-100,-87,-100,-100,-100,-100,-100,-100,2
-100,-100,-100,-100,-100,-100,-100,-100,-100,3
-86,-61,-84,-100,-60,-100,-100,-57,-100,1
-92,-76,-80,-100,-74,-73,-100,-100,-100,7
-71,-100,-100,-100,-100,-100,-100,-100,-100,6
-73,-100,-100,-76,-100,-100,-100,-66,-100,4
-100,-77,-85,-100,-77,-100,-100,-100,-100,5
-100,-100,-84,-100,-100,-86,-100,-100,-100,2
-81,-58,-92,-100,-55,-92,-100,-69,-100,1
-100,-100,-100,-100,-100,-100,-100,-100,-100,3
-100,-79,-84,-100,-69,-83,-100,-100,-100,7
-74,-100,-100,-100,-100,-100,-100,-83,-100,6
-84,-55,-77,-85,-54,-80,-100,-100,-100,5
-100,-100,-83,-100,-100,-86,-100,-100,-100,2
-83,-57,-100,-82,-55,-100,-100,-64,-100,1
-76,-100,-100,-100,-100,-100,-100,-63,-100,4
-100,-77,-81,-90,-70,-81,-100,-100,-100,7
-100,-100,-100,-100,-100,-100,-100,-100,-100,3
-72,-100,-100,-100,-100,-100,-100,-83,-100,6
-93,-92,-89,-100,-100,-87,-100,-100,-100,2
-76,-100,-100,-100,-100,-100,-100,-64,-100,4
-85,-57,-89,-100,-56,-100,-100,-65,-100,1
-92,-79,-81,-100,-70,-80,-100,-100,-100,7
-100,-100,-100,-100,-100,-100,-100,-100,-100,3
-72,-100,-100,-100,-90,-100,-100,-79,-100,6
-72,-48,-83,-72,-100,-100,-100,-100,-100,5
-100,-89,-90,-100,-100,-91,-100,-90,-100,2
-100,-77,-81,-91,-77,-100,-100,-100,-100,7
-82,-56,-100,-85,-56,-100,-73,-67,-100,1
-64,-92,-100,-67,-100,-100,-100,-82,-100,6
-82,-100,-100,-75,-100,-100,-100,-74,-100,4
-100,-100,-100,-100,-100,-100,-100,-100,-100,3
-73,-53,-84,-76,-100,-100,-100,-100,-100,5
-88,-87,-85,-100,-100,-84,-100,-92,-100,2
-100,-82,-84,-100,-100,-81,-100,-100,-100,7
-82,-62,-87,-100,-61,-83,-100,-66,-100,1
-100,-100,-100,-100,-100,-100,-100,-100,-100,3
-73,-100,-100,-68,-100,-100,-100,-100,-100,6
-79,-100,-100,-78,-100,-100,-100,-60,-100,4
-100,-83,-85,-100,-100,-90,-100,-87,-100,2
-100,-61,-89,-100,-61,-90,-100,-65,-100,1
-82,-85,-93,-100,-78,-100,-100,-58,-100,8
-100,-83,-82,-100,-83,-100,-100,-100,-100,7
-70,-100,-100,-69,-100,-100,-100,-81,-100,6
-73,-52,-75,-73,-100,-100,-100,-100,-100,5
-100,-100,-100,-100,-100,-100,-100,-100,-100,3
-100,-100,-79,-88,-100,-79,-88,-88,-100,2
-77,-100,-100,-100,-100,-100,-76,-60,-100,4
-100,-84,-81,-100,-84,-100,-100,-100,-100,7
-87,-61,-100,-100,-61,-91,-86,-65,-100,1
-71,-100,-100,-100,-100,-100,-68,-87,-100,6
-100,-86,-86,-100,-100,-100,-74,-46,-100,8
-78,-51,-77,-79,-100,-100,-79,-100,-100,5
-100,-100,-100,-100,-100,-100,-100,-100,-100,3
-87,-100,-83,-100,-100,-90,-100,-91,-100,2
-100,-85,-81,-100,-69,-100,-100,-100,-100,7
-100,-61,-91,-100,-60,-100,-100,-63,-100,1
-81,-100,-100,-80,-100,-100,-100,-63,-100,4
-70,-100,-100,-100,-100,-100,-100,-100,-100,6
-100,-58,-78,-100,-100,-78,-100,-100,-100,5
-81,-84,-100,-79,-100,-100,-100,-61,-100,8
-100,-100,-100,-100,-100,-100,-100,-100,-100,3
-89,-100,-79,-100,-100,-78,-100,-86,-100,2
-91,-82,-84,-100,-83,-100,-100,-100,-100,7
-89,-58,-91,-100,-58,-100,-100,-63,-100,1
-70,-100,-100,-71,-100,-100,-100,-100,-100,6
-100,-63,-74,-100,-62,-75,-100,-100,-100,5
-76,-88,-100,-100,-100,-100,-100,-69,-100,4
-86,-89,-91,-100,-100,-100,-100,-58,-100,8
-100,-100,-100,-100,-100,-100,-100,-100,-100,3
-86,-74,-80,-74,-100,-79,-100,-89,-100,2
-100,-72,-83,-100,-79,-100,-100,-100,-100,7
-100,-59,-87,-87,-57,-90,-100,-62,-100,1
-66,-100,-100,-66,-100,-100,-100,-100,-100,6
-100,-67,-73,-100,-63,-73,-100,-100,-100,5
-74,-100,-100,-100,-100,-100,-80,-60,-100,4
-89,-75,-82,-100,-90,-82,-82,-100,-100,2
-100,-100,-100,-100,-100,-100,-100,-100,-100,3
-93,-74,-82,-100,-75,-100,-100,-100,-100,7
-100,-60,-88,-100,-60,-100,-86,-66,-100,1
-83,-91,-100,-100,-100,-100,-74,-61,-100,8
-70,-100,-100,-66,-100,-100,-57,-100,-100,6
-100,-65,-100,-100,-65,-74,-73,-100,-100,5
-88,-92,-80,-80,-100,-73,-100,-91,-100,2
-93,-80,-84,-100,-100,-82,-100,-100,-100,7
-100,-56,-87,-85,-56,-100,-100,-66,-100,1
-100,-100,-100,-100,-100,-100,-100,-100,-100,3
-77,-100,-100,-78,-100,-100,-100,-66,-100,4
-70,-88,-100,-100,-100,-100,-100,-84,-100,6
-82,-67,-79,-100,-54,-79,-100,-100,-100,5
-81,-100,-100,-100,-100,-100,-100,-63,-100,8
-100,-71,-87,-100,-100,-88,-100,-100,-100,2
-100,-76,-92,-100,-73,-100,-100,-100,-100,7
-86,-57,-88,-84,-57,-100,-100,-76,-100,1
-63,-100,-100,-100,-100,-100,-100,-88,-100,6
-76,-100,-100,-100,-89,-100,-100,-58,-100,4
-100,-100,-100,-100,-100,-100,-100,-100,-100,3
-100,-67,-75,-100,-100,-77,-100,-100,-100,5
-84,-100,-100,-100,-100,-100,-100,-60,-100,8
-100,-76,-100,-100,-74,-100,-100,-100,-100,7
-90,-71,-89,-100,-69,-91,-100,-100,-100,2
-86,-58,-90,-100,-58,-100,-100,-62,-100,1
-75,-100,-100,-100,-100,-100,-100,-88,-100,6
-100,-100,-100,-100,-100,-100,-100,-100,-100,3
-100,-73,-75,-100,-71,-77,-100,-100,-100,5
-75,-100,-100,-100,-100,-100,-100,-58,-100,4
-85,-87,-100,-73,-100,-100,-100,-58,-100,8
-100,-83,-86,-100,-73,-100,-100,-100,-100,7
-85,-56,-90,-85,-55,-100,-100,-68,-100,1
-68,-100,-100,-67,-100,-100,-100,-100,-100,6
-90,-71,-85,-100,-100,-87,-100,-100,-100,2
-100,-70,-73,-100,-70,-73,-100,-100,-100,5
-100,-100,-100,-100,-100,-100,-100,-100,-100,3
-75,-100,-100,-71,-100,-100,-100,-59,-100,4
-100,-78,-100,-100,-75,-100,-100,-100,-100,7
-79,-57,-90,-100,-55,-89,-100,-68,-100,1
-100,-88,-82,-100,-100,-77,-100,-100,-100,2
-67,-100,-100,-66,-100,-100,-100,-100,-100,6
-85,-100,-100,-100,-100,-100,-100,-60,-100,8
-100,-72,-77,-100,-71,-76,-100,-100,-100,5
-100,-100,-100,-100,-100,-100,-100,-100,-100,3
-100,-79,-93,-100,-74,-100,-100,-100,-100,7
-83,-56,-100,-80,-57,-100,-88,-100,-100,1
-92,-74,-83,-100,-89,-85,-82,-100,-100,2
-78,-100,-100,-78,-100,-100,-65,-100,-100,6
-100,-71,-73,-100,-69,-70,-100,-100,-100,5
-100,-88,-100,-100,-100,-100,-74,-62,-100,8
-100,-100,-100,-100,-100,-100,-100,-100,-100,3
-100,-87,-85,-100,-75,-100,-100,-100,-100,7
-100,-59,-100,-100,-59,-100,-87,-100,-100,1
-91,-77,-85,-100,-100,-82,-100,-100,-100,2
-83,-100,-100,-79,-100,-100,-63,-100,-100,6
-100,-72,-74,-100,-71,-73,-100,-100,-100,5
-100,-100,-100,-100,-100,-100,-100,-100,-100,3
-87,-100,-93,-85,-100,-100,-74,-61,-100,8
-100,-73,-100,-100,-70,-88,-100,-100,-100,7
-82,-55,-100,-100,-56,-100,-81,-68,-100,1
-73,-100,-100,-68,-100,-100,-70,-100,-100,6
-100,-80,-85,-100,-77,-80,-77,-87,-100,2
-76,-100,-100,-76,-100,-100,-73,-58,-100,4
-100,-90,-100,-100,-100,-100,-80,-65,-100,4
-100,-73,-77,-100,-73,-100,-100,-100,-100,5
-83,-91,-100,-81,-100,-100,-76,-56,-100,4
-100,-72,-100,-100,-72,-100,-100,-100,-100,7
-100,-100,-100,-100,-100,-100,-100,-100,-100,3
-83,-72,-100,-100,-52,-100,-82,-100,-100,1
-87,-90,-100,-81,-100,-100,-74,-62,-100,8
-78,-100,-100,-76,-100,-100,-60,-100,-100,6
-92,-74,-87,-100,-100,-91,-84,-100,-100,2
-100,-69,-77,-100,-71,-100,-100,-100,-100,5
-80,-92,-100,-100,-100,-100,-100,-59,-100,4
-100,-78,-100,-100,-71,-100,-100,-100,-100,7
-100,-100,-100,-100,-100,-100,-100,-100,-100,3
-82,-52,-100,-81,-51,-100,-100,-69,-100,1
-72,-100,-100,-100,-100,-100,-100,-100,-100,6
-100,-81,-88,-100,-100,-100,-100,-100,-100,7
-100,-100,-100,-100,-100,-100,-100,-100,-100,3
-75,-100,-100,-100,-100,-100,-100,-100,-100,6
-100,-74,-79,-100,-100,-84,-100,-100,-100,5
-100,-89,-100,-100,-100,-100,-100,-65,-100,4
-100,-86,-91,-100,-78,-100,-100,-100,-100,7
-100,-53,-94,-100,-53,-100,-100,-68,-100,1
-100,-100,-100,-100,-100,-100,-100,-100,-100,3
-100,-87,-100,-100,-100,-100,-77,-59,-100,4
-100,-78,-100,-100,-76,-100,-100,-100,-100,7
-83,-55,-100,-82,-54,-100,-72,-68,-100,1
-100,-100,-100,-100,-100,-100,-100,-100,-100,3
-74,-100,-100,-72,-100,-100,-54,-100,-100,6
-100,-69,-75,-100,-71,-77,-100,-100,-100,5
-85,-100,-100,-88,-100,-100,-100,-58,-100,4
-100,-79,-100,-100,-79,-96,-100,-100,-100,7
-79,-53,-100,-100,-55,-100,-70,-71,-100,1
-100,-100,-100,-100,-100,-100,-100,-100,-100,3
-78,-100,-100,-100,-100,-100,-55,-100,-100,6
-100,-71,-74,-100,-69,-79,-100,-100,-100,5
-87,-100,-100,-75,-100,-100,-100,-63,-100,4
-100,-81,-100,-100,-72,-92,-100,-100,-100,7
-81,-55,-100,-81,-61,-100,-100,-69,-100,1
-100,-82,-88,-100,-80,-100,-100,-100,-100,7
-80,-100,-100,-81,-100,-100,-71,-65,-100,4
-100,-79,-80,-100,-80,-75,-83,-100,-100,2
-100,-64,-100,-100,-67,-78,-100,-100,-100,5
-100,-79,-92,-100,-69,-100,-100,-100,-100,7
-100,-53,-100,-100,-53,-100,-84,-100,-100,1
-71,-100,-100,-73,-90,-100,-54,-100,-100,6
-100,-100,-100,-100,-100,-100,-100,-100,-100,3
-100,-91,-81,-100,-91,-79,-92,-88,-100,2
-100,-72,-76,-100,-70,-76,-100,-100,-100,5
-76,-100,-100,-100,-100,-100,-65,-67,-100,4
-100,-80,-100,-100,-80,-100,-100,-100,-100,7
-100,-53,-100,-100,-52,-100,-84,-67,-100,1
-73,-100,-100,-70,-88,-100,-56,-100,-100,6
-100,-100,-100,-100,-100,-100,-100,-100,-100,3
-100,-80,-81,-100,-100,-100,-100,-100,-100,5
-100,-78,-82,-100,-90,-82,-100,-100,-100,2
-100,-79,-100,-100,-79,-100,-100,-100,-100,7
-77,-90,-100,-78,-100,-100,-100,-63,-100,4
-73,-91,-100,-74,-100,-100,-100,-100,-100,6
-100,-100,-100,-100,-100,-100,-100,-100,-100,3
-100,-74,-80,-100,-77,-78,-100,-100,-100,5
-100,-52,-100,-100,-52,-100,-100,-67,-100,1
-89,-92,-81,-100,-89,-83,-100,-87,-100,2
-100,-82,-90,-100,-81,-87,-100,-100,-100,7
-72,-100,-100,-74,-100,-100,-100,-100,-100,6
-100,-74,-79,-100,-71,-79,-100,-100,-100,5
-100,-100,-100,-100,-100,-100,-100,-100,-100,3
-90,-82,-80,-89,-76,-78,-100,-87,-100,2
-100,-100,-100,-100,-100,-100,-100,-65,-100,4
-100,-84,-85,-100,-100,-100,-100,-100,-100,7
-70,-100,-100,-70,-100,-100,-53,-100,-100,6
-100,-53,-100,-100,-52,-100,-77,-67,-100,1
-100,-77,-77,-100,-77,-77,-100,-100,-100,5
-100,-90,-100,-100,-100,-100,-76,-72,-100,4
-100,-100,-100,-100,-100,-100,-100,-100,-100,3
-87,-100,-80,-100,-100,-80,-84,-89,-100,2
-100,-86,-89,-100,-68,-100,-100,-100,-100,7
-73,-100,-100,-100,-88,-100,-55,-100,-100,6
-100,-53,-100,-100,-52,-100,-75,-67,-100,1
-100,-75,-79,-100,-75,-100,-100,-100,-100,5
-89,-80,-79,-79,-100,-80,-100,-100,-100,2
-100,-100,-100,-100,-100,-100,-100,-100,-100,3
-100,-84,-84,-100,-85,-100,-100,-100,-100,7
-72,-100,-100,-100,-100,-100,-100,-61,-100,4
-72,-100,-100,-100,-100,-100,-100,-100,-100,6
-80,-53,-100,-83,-54,-100,-100,-68,-100,1
-100,-74,-80,-100,-75,-100,-100,-100,-100,5
-87,-79,-76,-100,-100,-77,-100,-90,-100,2
-100,-77,-100,-100,-100,-100,-100,-100,-100,7
-100,-100,-100,-100,-100,-100,-100,-100,-100,3
-100,-86,-100,-72,-100,-100,-100,-100,-100,6
-79,-92,-100,-77,-100,-100,-100,-70,-100,4
-84,-53,-100,-100,-54,-100,-100,-69,-100,1
-100,-75,-100,-100,-100,-77,-100,-100,-100,5
-95,-76,-78,-86,-75,-77,-100,-100,-100,2
-100,-84,-86,-100,-80,-100,-100,-100,-100,7
-100,-100,-100,-100,-100,-100,-100,-100,-100,3
-72,-100,-100,-72,-100,-100,-54,-100,-100,6
-83,-53,-100,-100,-52,-100,-78,-67,-100,1
-100,-77,-74,-100,-75,-74,-84,-100,-100,5
-81,-87,-100,-72,-83,-100,-73,-64,-100,4
-90,-72,-85,-100,-100,-87,-82,-86,-100,2
-100,-89,-88,-100,-100,-88,-100,-100,-100,7
-73,-100,-100,-71,-100,-100,-55,-100,-100,6
-100,-100,-100,-100,-100,-100,-100,-100,-100,3
-100,-75,-79,-100,-71,-77,-100,-100,-100,5
-86,-51,-94,-88,-51,-100,-100,-67,-100,1
-100,-82,-88,-100,-83,-89,-100,-100,-100,7
-100,-91,-100,-100,-87,-100,-100,-63,-100,4
-85,-100,-79,-85,-100,-78,-100,-88,-100,2
-74,-100,-100,-72,-100,-100,-100,-100,-100,6
-100,-100,-100,-100,-100,-100,-100,-100,-100,3
-86,-52,-100,-85,-51,-100,-100,-100,-100,1
-100,-75,-74,-100,-75,-76,-100,-100,-100,5
-84,-77,-79,-87,-100,-73,-100,-85,-100,2
-100,-86,-90,-100,-100,-88,-100,-100,-100,7
-80,-100,-100,-82,-100,-100,-100,-68,-100,4
-76,-92,-100,-75,-91,-100,-100,-100,-100,6
-100,-56,-100,-100,-56,-100,-100,-68,-100,1
-100,-100,-100,-100,-100,-100,-100,-100,-100,3
-100,-80,-77,-100,-79,-100,-100,-100,-100,5
-100,-91,-89,-100,-87,-100,-100,-100,-100,7
-100,-84,-79,-100,-100,-78,-83,-88,-100,2
-74,-100,-100,-75,-100,-100,-57,-100,-100,6
-100,-56,-93,-100,-54,-100,-86,-67,-100,1
-100,-100,-100,-100,-100,-100,-100,-100,-100,3
-100,-100,-100,-100,-100,-100,-100,-100,-100,5
-82,-100,-100,-100,-100,-100,-84,-63,-100,4
-100,-89,-88,-100,-88,-100,-100,-100,-100,7
-100,-83,-81,-100,-84,-80,-84,-100,-100,2
-71,-100,-100,-75,-100,-100,-55,-100,-100,6
-92,-56,-100,-92,-54,-100,-83,-68,-100,1
-100,-81,-75,-100,-80,-75,-83,-100,-100,5
-100,-100,-100,-100,-100,-100,-100,-100,-100,3
-100,-91,-100,-100,-100,-100,-74,-63,-100,4
-100,-92,-100,-100,-100,-100,-100,-100,-100,7
-86,-81,-83,-100,-100,-77,-84,-87,-100,2
-81,-100,-100,-100,-100,-100,-52,-100,-100,6
-100,-57,-100,-100,-56,-100,-100,-70,-100,1
-100,-79,-78,-100,-80,-76,-100,-100,-100,5
-100,-100,-100,-100,-100,-100,-100,-100,-100,3
-100,-83,-100,-100,-82,-100,-100,-100,-100,7
-66,-89,-100,-68,-100,-100,-100,-65,-100,4
-84,-80,-81,-83,-100,-72,-100,-85,-100,2
-72,-100,-100,-100,-90,-100,-100,-100,-100,6
-100,-52,-100,-100,-52,-100,-100,-100,-100,1
-100,-74,-76,-100,-75,-79,-100,-100,-100,5
-100,-82,-84,-100,-72,-100,-100,-100,-100,7
-100,-100,-100,-100,-100,-100,-100,-100,-100,3
-73,-100,-100,-74,-100,-100,-100,-100,-100,6
-85,-86,-84,-100,-100,-85,-100,-87,-100,2
-69,-88,-100,-100,-89,-100,-100,-62,-100,4
-100,-51,-100,-100,-49,-100,-100,-69,-100,1
-100,-77,-77,-100,-77,-76,-100,-100,-100,5
-100,-70,-100,-100,-67,-100,-100,-100,-100,7
-100,-100,-100,-100,-100,-100,-100,-100,-100,3
-87,-100,-100,-73,-100,-100,-76,-57,-100,8
-83,-100,-100,-100,-100,-100,-52,-100,-100,6
-100,-100,-82,-100,-100,-82,-100,-100,-100,2
-100,-60,-92,-100,-60,-90,-74,-63,-100,1
-100,-76,-77,-100,-75,-77,-100,-100,-100,5
-72,-90,-100,-71,-82,-100,-76,-58,-100,4
-100,-75,-100,-100,-75,-100,-100,-100,-100,7
-100,-100,-100,-100,-100,-100,-100,-100,-100,3
-75,-87,-100,-75,-88,-100,-56,-100,-100,6
-88,-100,-80,-100,-100,-82,-79,-86,-100,2
-83,-87,-100,-71,-84,-100,-78,-55,-100,8
-100,-75,-81,-100,-100,-100,-100,-100,-100,5
-84,-58,-88,-100,-58,-100,-74,-61,-100,1
-100,-81,-100,-100,-72,-100,-100,-100,-100,7
-75,-90,-100,-71,-100,-100,-100,-64,-100,4
-77,-88,-100,-78,-100,-100,-100,-100,-100,6
-100,-100,-100,-100,-100,-100,-100,-100,-100,3
-84,-91,-81,-74,-100,-84,-100,-100,-100,2
-100,-75,-78,-100,-100,-79,-100,-100,-100,5
-100,-58,-100,-100,-57,-100,-100,-69,-100,1
-100,-87,-100,-100,-85,-100,-100,-56,-100,8
-100,-73,-86,-100,-69,-85,-100,-100,-100,7
-100,-100,-100,-100,-100,-100,-100,-67,-100,4
-77,-100,-100,-76,-87,-100,-100,-100,-100,6
-100,-100,-100,-100,-100,-100,-100,-100,-100,3
-85,-80,-82,-100,-100,-83,-100,-79,-100,2
-100,-58,-100,-100,-57,-100,-100,-65,-100,1
-100,-75,-82,-100,-73,-75,-100,-100,-100,5
-100,-80,-100,-100,-74,-100,-100,-100,-100,7
-82,-91,-100,-84,-100,-100,-100,-56,-100,8
-73,-94,-100,-75,-100,-100,-100,-100,-100,6
-84,-81,-84,-85,-100,-84,-88,-83,-100,2
-100,-100,-100,-100,-100,-100,-100,-100,-100,3
-100,-67,-100,-100,-62,-100,-81,-66,-100,1
-100,-77,-84,-100,-74,-84,-83,-100,-100,5
-70,-91,-100,-69,-91,-100,-80,-69,-100,4
-100,-87,-100,-100,-83,-100,-100,-100,-100,7
-100,-94,-100,-76,-92,-100,-50,-100,-100,6
-85,-87,-100,-100,-100,-100,-72,-56,-100,8
-100,-100,-80,-100,-76,-80,-82,-100,-100,2
-100,-61,-100,-100,-61,-100,-86,-69,-100,1
-100,-76,-80,-100,-77,-79,-100,-100,-100,5
-100,-100,-100,-100,-100,-100,-100,-100,-100,3
-79,-91,-100,-100,-100,-100,-68,-69,-100,4
-100,-88,-100,-100,-84,-100,-100,-100,-100,7
-78,-100,-100,-100,-100,-100,-56,-100,-100,6
-88,-92,-81,-79,-100,-79,-84,-86,-100,2
-100,-59,-100,-100,-59,-100,-100,-66,-100,1
-100,-74,-76,-100,-75,-75,-100,-100,-100,5
-100,-89,-100,-100,-89,-100,-77,-56,-100,8
-100,-100,-100,-100,-100,-100,-100,-100,-100,3
-100,-85,-100,-100,-80,-100,-100,-100,-100,7
-79,-88,-100,-100,-89,-100,-65,-62,-100,4
-68,-91,-100,-100,-91,-100,-57,-100,-100,6
-100,-62,-100,-100,-64,-100,-100,-69,-100,1
-100,-77,-100,-100,-78,-100,-100,-100,-100,5
-83,-80,-83,-100,-100,-84,-100,-87,-100,2
-86,-100,-100,-82,-100,-100,-76,-56,-100,8
-100,-79,-100,-100,-100,-100,-100,-100,-100,7
-100,-100,-100,-100,-100,-100,-100,-100,-100,3
-69,-100,-100,-67,-100,-100,-52,-100,-100,6
-80,-86,-100,-100,-100,-100,-69,-61,-100,4
-100,-63,-100,-100,-63,-100,-100,-72,-100,1
-100,-100,-77,-100,-100,-77,-100,-100,-100,5
-87,-76,-84,-100,-100,-83,-85,-100,-100,2
-100,-85,-100,-100,-100,-100,-100,-100,-100,7
-100,-100,-100,-100,-100,-100,-100,-100,-100,3
-89,-100,-100,-100,-100,-100,-75,-100,-100,8
-67,-88,-100,-66,-100,-100,-57,-100,-100,6
-100,-66,-100,-100,-63,-100,-100,-68,-100,1
-100,-77,-100,-100,-73,-100,-81,-100,-100,5
-88,-80,-87,-84,-100,-88,-85,-86,-100,2
-100,-77,-100,-100,-79,-100,-100,-100,-100,7
-80,-87,-100,-75,-100,-100,-68,-66,-100,4
-100,-100,-100,-100,-100,-100,-100,-100,-100,3
-68,-100,-100,-68,-92,-100,-56,-100,-100,6
-85,-89,-100,-100,-100,-100,-74,-100,-100,8
-100,-69,-100,-100,-69,-100,-100,-77,-100,1
-100,-75,-82,-100,-100,-79,-100,-100,-100,5
-88,-77,-84,-100,-100,-84,-83,-100,-100,2
-100,-77,-100,-100,-71,-100,-100,-100,-100,7
-77,-100,-100,-100,-100,-100,-100,-67,-100,4
-100,-100,-100,-80,-90,-100,-100,-100,-100,6
-100,-100,-100,-100,-100,-100,-100,-100,-100,3
-100,-66,-100,-100,-66,-100,-100,-66,-100,1
-100,-77,-81,-100,-77,-80,-100,-100,-100,5
-100,-88,-100,-100,-88,-100,-100,-56,-100,8
-83,-100,-82,-100,-79,-83,-100,-89,-100,2
-100,-85,-100,-100,-100,-100,-100,-100,-100,7
-73,-90,-100,-73,-100,-100,-100,-100,-100,6
-78,-100,-100,-76,-100,-100,-100,-69,-100,4
-100,-100,-100,-100,-100,-100,-100,-100,-100,3
-87,-69,-100,-100,-66,-100,-100,-67,-100,1
-100,-76,-81,-100,-76,-82,-100,-100,-100,5
-100,-72,-89,-100,-74,-100,-100,-100,-100,7
-84,-79,-83,-86,-80,-79,-100,-86,-100,2
-100,-100,-100,-100,-100,-100,-100,-54,-100,8
-70,-88,-100,-100,-89,-100,-100,-100,-100,6
-100,-68,-100,-100,-65,-100,-100,-71,-100,1
-100,-100,-100,-100,-100,-100,-100,-100,-100,3
-100,-77,-78,-100,-76,-75,-100,-100,-100,5
-76,-100,-100,-74,-91,-100,-75,-100,-100,4
-100,-72,-100,-100,-77,-100,-100,-100,-100,7
-85,-100,-81,-100,-100,-81,-100,-87,-100,2
-65,-88,-100,-100,-90,-100,-52,-100,-100,6
-87,-100,-100,-100,-100,-100,-76,-56,-100,8
-100,-64,-100,-100,-64,-100,-100,-100,-100,1
-100,-74,-79,-100,-76,-100,-100,-100,-100,5
-100,-100,-100,-100,-100,-100,-100,-100,-100,3
-100,-82,-100,-100,-72,-100,-100,-100,-100,7
-86,-100,-80,-82,-100,-82,-89,-90,-100,2
-79,-86,-100,-100,-86,-100,-79,-74,-100,4
-100,-100,-100,-100,-91,-100,-57,-100,-100,6
-100,-63,-100,-100,-63,-100,-100,-72,-100,1
-100,-78,-78,-100,-100,-100,-100,-100,-100,5
-88,-90,-100,-100,-100,-100,-75,-55,-100,8
-100,-100,-100,-100,-100,-100,-100,-100,-100,3
-100,-82,-100,-100,-81,-100,-100,-100,-100,7
-74,-84,-82,-100,-81,-79,-100,-87,-100,2
-75,-100,-100,-77,-100,-100,-100,-100,-100,4
-67,-90,-100,-67,-90,-100,-100,-100,-100,6
-100,-68,-100,-100,-67,-100,-100,-72,-100,1
-100,-76,-76,-100,-76,-77,-100,-100,-100,5
-100,-82,-86,-100,-82,-100,-100,-100,-100,7
-100,-100,-100,-100,-100,-100,-100,-100,-100,3
-87,-100,-100,-100,-100,-100,-100,-59,-100,8
-81,-77,-81,-100,-100,-74,-100,-84,-100,2
-66,-100,-100,-67,-100,-100,-100,-100,-100,6
-100,-63,-100,-100,-66,-100,-100,-72,-100,1
-79,-100,-100,-78,-100,-100,-100,-65,-100,4
-100,-76,-76,-100,-70,-77,-100,-100,-100,5
-100,-83,-100,-100,-69,-100,-100,-100,-100,7
-100,-100,-100,-100,-100,-100,-100,-100,-100,3
-75,-100,-100,-75,-100,-100,-100,-100,-100,6
-86,-89,-85,-100,-100,-82,-100,-85,-100,2
-100,-87,-100,-100,-100,-100,-100,-59,-100,8
-100,-76,-79,-100,-100,-100,-100,-100,-100,5
-100,-66,-100,-90,-67,-100,-100,-100,-100,1
-100,-82,-100,-100,-100,-100,-100,-100,-100,7
-100,-100,-100,-100,-100,-100,-77,-65,-100,4
-100,-100,-100,-100,-100,-100,-100,-100,-100,3
-84,-78,-85,-78,-100,-87,-79,-89,-100,2
-100,-100,-100,-100,-91,-100,-54,-100,-100,6
-100,-65,-100,-100,-64,-100,-100,-100,-100,1
-87,-87,-100,-100,-100,-100,-76,-58,-100,8
-100,-78,-82,-100,-80,-80,-100,-100,-100,5
-100,-78,-100,-100,-82,-100,-100,-100,-100,7
-81,-91,-100,-100,-100,-100,-83,-70,-100,4
-100,-95,-84,-100,-73,-84,-90,-87,-100,2
-100,-100,-100,-100,-100,-100,-100,-100,-100,3
-78,-86,-100,-100,-100,-100,-56,-100,-100,6
-100,-67,-100,-100,-68,-100,-100,-72,-100,1
-100,-77,-82,-100,-76,-83,-100,-100,-100,5
-100,-93,-100,-88,-100,-100,-76,-56,-100,8
-100,-82,-100,-100,-83,-89,-100,-100,-100,7
-85,-79,-86,-100,-77,-86,-81,-87,-100,2
-100,-64,-100,-100,-65,-100,-86,-72,-100,1
-100,-100,-100,-100,-100,-100,-100,-100,-100,3
-82,-88,-100,-100,-88,-100,-72,-100,-100,4
-77,-95,-100,-78,-100,-100,-51,-100,-100,6
-100,-74,-76,-100,-71,-77,-100,-100,-100,5
-100,-87,-90,-100,-85,-100,-100,-100,-100,7
-86,-95,-100,-100,-100,-100,-100,-55,-100,8
-68,-91,-100,-71,-100,-100,-100,-100,-100,6
-83,-94,-86,-100,-100,-88,-100,-92,-100,2
-100,-69,-100,-100,-68,-100,-100,-67,-100,1
-100,-100,-100,-100,-100,-100,-100,-100,-100,3
-100,-77,-77,-100,-70,-75,-100,-100,-100,5
-82,-83,-100,-100,-81,-100,-100,-67,-100,4
-100,-83,-100,-100,-88,-100,-100,-100,-100,7
-72,-91,-100,-72,-100,-100,-100,-100,-100,6
-83,-100,-88,-100,-82,-86,-100,-88,-100,2
-86,-90,-100,-100,-85,-100,-100,-56,-100,8
-100,-100,-100,-100,-100,-100,-100,-100,-100,3
-100,-74,-77,-100,-70,-79,-100,-100,-100,5
-100,-80,-100,-100,-84,-100,-100,-100,-100,7
-78,-87,-100,-78,-83,-100,-100,-68,-100,4
-74,-88,-100,-100,-87,-100,-100,-100,-100,6
-82,-82,-83,-81,-83,-84,-100,-89,-100,2
-100,-61,-100,-100,-61,-100,-100,-71,-100,1
-100,-69,-69,-100,-68,-76,-100,-100,-100,5
-87,-84,-100,-81,-100,-100,-80,-51,-100,8
-100,-100,-100,-100,-100,-100,-100,-100,-100,3
-100,-82,-91,-100,-75,-100,-100,-100,-100,7
-100,-88,-100,-100,-100,-100,-52,-100,-100,6
-82,-86,-100,-73,-100,-100,-80,-63,-100,4
-81,-81,-86,-100,-85,-84,-85,-87,-100,2
-100,-58,-100,-100,-60,-100,-89,-100,-100,1
-100,-68,-67,-100,-68,-100,-100,-100,-100,5
-100,-82,-100,-100,-81,-100,-100,-100,-100,7
-100,-100,-100,-100,-100,-100,-100,-100,-100,3
-87,-87,-100,-100,-100,-100,-100,-52,-100,8
-75,-91,-100,-100,-87,-100,-100,-100,-100,6
-100,-60,-100,-100,-58,-100,-100,-67,-100,1
-87,-92,-84,-81,-80,-82,-100,-90,-100,2
-100,-71,-68,-100,-66,-100,-100,-100,-100,5
-100,-88,-100,-100,-85,-100,-100,-65,-100,4
-100,-84,-100,-100,-100,-100,-100,-100,-100,7
-100,-100,-100,-100,-100,-100,-100,-100,-100,3
-100,-89,-89,-100,-100,-100,-100,-54,-100,8
-78,-93,-100,-77,-87,-100,-100,-100,-100,6
-100,-63,-100,-100,-62,-100,-100,-81,-100,1
-100,-68,-72,-100,-100,-100,-100,-100,-100,5
-87,-85,-84,-87,-100,-84,-100,-89,-100,2
-100,-81,-100,-100,-69,-100,-100,-100,-100,7
-100,-100,-100,-100,-100,-100,-100,-66,-100,4
-100,-100,-100,-100,-100,-100,-100,-100,-100,3
-74,-100,-100,-100,-100,-100,-100,-100,-100,6
-100,-65,-100,-100,-66,-100,-84,-70,-100,1
-100,-100,-100,-100,-88,-100,-77,-56,-100,8
-100,-72,-71,-100,-71,-74,-100,-100,-100,5
-82,-86,-82,-100,-100,-85,-100,-90,-100,2
-100,-80,-86,-100,-83,-100,-100,-100,-100,7
-100,-100,-100,-100,-100,-100,-100,-100,-100,3
-73,-88,-100,-100,-100,-100,-100,-100,-100,6
-74,-85,-100,-74,-100,-100,-100,-66,-100,4
-100,-63,-100,-93,-63,-100,-100,-72,-100,1
-100,-83,-83,-84,-81,-84,-100,-89,-100,2
-100,-72,-75,-100,-69,-100,-100,-100,-100,5
-100,-81,-83,-100,-82,-100,-100,-100,-100,7
-86,-88,-100,-84,-100,-100,-100,-58,-100,8
-73,-93,-100,-74,-90,-100,-100,-100,-100,6
-100,-100,-100,-100,-100,-100,-100,-100,-100,3
-79,-100,-100,-100,-100,-100,-100,-61,-100,4
-86,-61,-100,-100,-61,-100,-100,-67,-100,1
-100,-71,-65,-100,-71,-72,-100,-100,-100,5
-100,-79,-84,-100,-76,-83,-100,-88,-100,2
-100,-85,-84,-100,-77,-100,-100,-100,-100,7
-84,-86,-100,-72,-100,-100,-100,-59,-100,8
-69,-89,-100,-71,-100,-100,-100,-100,-100,6
-100,-100,-100,-100,-100,-100,-100,-100,-100,3
-86,-62,-100,-100,-62,-100,-100,-63,-100,1
-100,-72,-71,-100,-69,-70,-100,-100,-100,5
-87,-91,-100,-86,-89,-100,-100,-100,-100,4
-80,-91,-84,-100,-100,-84,-100,-100,-100,2
-100,-82,-87,-100,-72,-88,-100,-100,-100,7
-100,-88,-100,-100,-86,-100,-100,-100,-100,6
-85,-90,-92,-100,-84,-100,-100,-56,-100,8
-100,-58,-100,-100,-59,-100,-100,-58,-100,1
-100,-100,-100,-100,-100,-100,-100,-100,-100,3
-100,-73,-70,-100,-72,-100,-100,-100,-100,5
-83,-100,-86,-85,-100,-87,-100,-100,-100,2
-100,-81,-88,-100,-68,-100,-100,-100,-100,7
-83,-89,-100,-78,-85,-100,-100,-66,-100,4
-74,-87,-100,-100,-100,-100,-100,-100,-100,6
-83,-61,-100,-100,-61,-100,-100,-65,-100,1
-100,-72,-100,-100,-100,-100,-100,-100,-100,5
-84,-100,-100,-100,-90,-100,-80,-54,-100,8
-100,-100,-100,-100,-100,-100,-100,-100,-100,3
-100,-81,-100,-100,-77,-100,-100,-100,-100,7
-88,-84,-82,-78,-82,-79,-100,-100,-100,2
-73,-100,-100,-100,-100,-100,-54,-93,-100,6
-100,-92,-100,-100,-100,-100,-74,-67,-100,4
-100,-64,-100,-100,-63,-100,-100,-70,-100,1
-100,-70,-69,-100,-69,-71,-100,-100,-100,5
-100,-76,-100,-100,-70,-100,-100,-100,-100,7
-100,-100,-100,-100,-100,-100,-100,-100,-100,3
-86,-81,-84,-100,-81,-84,-80,-100,-100,2
-85,-90,-100,-84,-100,-100,-77,-56,-100,8
-75,-100,-100,-100,-100,-100,-56,-100,-100,6
-100,-67,-100,-100,-64,-100,-100,-100,-100,1
-100,-72,-69,-100,-71,-68,-100,-100,-100,5
-85,-90,-100,-82,-100,-100,-72,-69,-100,4
-100,-75,-77,-100,-76,-79,-100,-100,-100,7
-100,-100,-100,-100,-100,-100,-100,-100,-100,3
-82,-80,-84,-83,-85,-85,-80,-100,-100,2
-77,-100,-100,-77,-100,-100,-53,-100,-100,6
-100,-88,-100,-87,-87,-100,-70,-58,-100,8
-100,-61,-100,-100,-62,-100,-85,-72,-100,1
-100,-75,-75,-100,-73,-70,-100,-100,-100,5
-100,-77,-100,-100,-70,-92,-100,-100,-100,7
-83,-88,-100,-100,-100,-100,-70,-68,-100,4
-82,-87,-86,-100,-100,-93,-88,-90,-100,2
-100,-100,-100,-100,-100,-100,-100,-100,-100,3
-100,-100,-100,-83,-100,-100,-100,-100,-100,6
-100,-61,-100,-100,-62,-100,-100,-63,-100,1
-100,-68,-68,-100,-68,-100,-100,-100,-100,5
-84,-90,-94,-100,-100,-100,-100,-56,-100,8
-100,-75,-100,-100,-67,-100,-100,-100,-100,7
-84,-93,-90,-100,-91,-85,-100,-100,-100,2
-100,-100,-100,-100,-100,-100,-100,-100,-100,3
-75,-100,-100,-100,-100,-100,-100,-100,-100,6
-82,-89,-100,-100,-86,-100,-100,-67,-100,4
-100,-59,-100,-100,-60,-100,-100,-65,-100,1
-100,-71,-100,-100,-100,-100,-100,-100,-100,5
-75,-100,-100,-100,-100,-100,-56,-100,-100,6
-82,-100,-100,-70,-100,-100,-77,-53,-100,8
-77,-89,-100,-100,-91,-100,-80,-67,-100,4
-100,-84,-100,-100,-79,-87,-100,-100,-100,7
-100,-68,-65,-100,-65,-65,-80,-100,-100,5
-100,-87,-89,-100,-100,-87,-80,-100,-100,2
-100,-62,-100,-100,-61,-100,-87,-72,-100,1
-100,-100,-100,-100,-100,-100,-100,-100,-100,3
-81,-90,-100,-100,-100,-100,-100,-100,-100,6
-82,-92,-100,-100,-91,-100,-100,-54,-100,8
-100,-69,-74,-100,-69,-73,-100,-100,-100,5
-100,-84,-83,-100,-79,-85,-100,-100,-100,7
-100,-65,-100,-100,-65,-100,-100,-100,-100,1
-81,-91,-100,-79,-93,-100,-100,-63,-100,4
-100,-92,-89,-100,-90,-89,-100,-100,-100,2
-79,-92,-100,-100,-100,-100,-100,-100,-100,6
-100,-100,-100,-100,-100,-100,-100,-100,-100,3
-100,-71,-77,-100,-100,-77,-100,-100,-100,5
-100,-83,-88,-100,-80,-100,-100,-100,-100,7
-100,-62,-100,-100,-59,-100,-100,-58,-100,1
-85,-87,-92,-100,-87,-100,-100,-59,-100,8
-100,-100,-86,-100,-100,-100,-100,-100,-100,2
-78,-88,-100,-77,-87,-100,-100,-56,-100,4
-81,-100,-100,-81,-89,-100,-100,-100,-100,6
-100,-100,-100,-100,-100,-100,-100,-100,-100,3
-100,-100,-100,-100,-74,-100,-100,-100,-100,5
-90,-62,-100,-100,-62,-100,-85,-62,-100,1
-100,-78,-82,-100,-77,-81,-89,-100,-100,7
-100,-90,-89,-100,-100,-87,-86,-100,-100,2
-84,-90,-100,-100,-68,-93,-75,-60,-100,8
-81,-87,-100,-77,-100,-100,-55,-100,-100,6
-100,-100,-100,-100,-100,-100,-77,-74,-100,4
-100,-100,-100,-100,-100,-100,-100,-100,-100,3
-100,-74,-73,-100,-100,-74,-100,-100,-100,5
-90,-78,-85,-100,-80,-100,-100,-100,-100,7
-100,-63,-100,-100,-62,-100,-81,-60,-100,1
-100,-100,-89,-100,-100,-88,-82,-100,-100,2
-100,-100,-100,-100,-100,-100,-55,-100,-100,6
-82,-100,-100,-100,-100,-100,-73,-60,-100,8
-71,-92,-100,-72,-100,-100,-74,-68,-100,4
-100,-70,-74,-100,-71,-77,-100,-100,-100,5
-100,-100,-100,-100,-100,-100,-100,-100,-100,3
-100,-79,-80,-100,-77,-100,-100,-100,-100,7
-91,-61,-100,-90,-61,-100,-88,-60,-100,1
-100,-91,-90,-100,-100,-90,-75,-100,-100,2
-80,-100,-100,-100,-100,-100,-52,-100,-100,6
-81,-100,-91,-100,-100,-100,-74,-62,-100,8
-88,-78,-81,-100,-80,-83,-100,-100,-100,7
-100,-72,-77,-100,-70,-100,-100,-100,-100,5
-90,-61,-100,-100,-61,-100,-80,-56,-100,1
-100,-100,-100,-100,-100,-100,-100,-100,-100,3
-85,-89,-100,-77,-100,-100,-70,-100,-100,4
-100,-88,-90,-100,-100,-88,-77,-100,-100,2
-80,-90,-100,-82,-100,-100,-52,-100,-100,6
-100,-71,-75,-100,-100,-100,-100,-100,-100,5
-100,-78,-83,-91,-100,-83,-100,-100,-100,7
-90,-58,-91,-100,-60,-90,-100,-60,-100,1
-100,-100,-100,-100,-100,-100,-100,-100,-100,3
-83,-100,-100,-69,-100,-100,-100,-64,-100,8
-93,-80,-87,-91,-78,-84,-100,-94,-100,2
-79,-93,-100,-80,-91,-100,-100,-100,-100,6
-79,-86,-100,-100,-87,-100,-100,-60,-100,4
-100,-70,-78,-100,-72,-75,-100,-100,-100,5
-100,-61,-100,-100,-61,-100,-100,-60,-100,1
-100,-100,-100,-100,-100,-100,-100,-100,-100,3
-90,-78,-83,-100,-100,-78,-100,-100,-100,7
-90,-86,-89,-88,-100,-100,-100,-100,-100,2
-81,-100,-100,-100,-93,-100,-100,-100,-100,6
-82,-100,-100,-100,-100,-100,-100,-67,-100,8
-83,-100,-100,-100,-91,-100,-100,-66,-100,4
-100,-76,-78,-100,-100,-77,-100,-100,-100,5
-100,-60,-100,-100,-62,-100,-100,-59,-100,1
-89,-82,-83,-100,-85,-81,-100,-100,-100,7
-100,-100,-100,-100,-100,-100,-100,-100,-100,3
-100,-84,-84,-100,-83,-75,-100,-94,-100,2
-84,-100,-100,-100,-100,-100,-100,-100,-100,6
-100,-100,-100,-100,-100,-100,-76,-55,-100,8
-100,-70,-75,-100,-71,-100,-100,-100,-100,5
-88,-63,-100,-86,-64,-100,-100,-100,-100,1
-91,-79,-85,-100,-80,-85,-100,-100,-100,7
-80,-100,-100,-71,-100,-100,-78,-54,-100,4
-79,-100,-100,-100,-100,-100,-54,-100,-100,6
-100,-100,-100,-100,-100,-100,-100,-100,-100,3
-100,-88,-81,-100,-100,-82,-73,-91,-100,2
-100,-74,-78,-100,-78,-100,-100,-100,-100,5
-100,-65,-100,-100,-63,-100,-81,-59,-100,1
-93,-78,-86,-100,-74,-74,-100,-100,-100,7
-83,-92,-89,-100,-100,-100,-76,-57,-100,8
-73,-100,-100,-70,-100,-100,-52,-100,-100,6
-85,-90,-100,-100,-91,-100,-78,-63,-100,4
-92,-100,-86,-100,-100,-85,-83,-100,-100,2
-100,-100,-100,-100,-100,-100,-100,-100,-100,3
-100,-79,-87,-100,-79,-86,-100,-100,-100,7
-100,-78,-75,-100,-100,-100,-100,-100,-100,5
-91,-60,-100,-100,-59,-100,-82,-59,-100,1
-87,-100,-100,-100,-100,-100,-79,-60,-100,8
-76,-100,-100,-100,-90,-100,-54,-100,-100,6
-100,-79,-82,-100,-100,-85,-100,-100,-100,2
-85,-90,-100,-87,-100,-100,-73,-59,-100,4
-100,-100,-100,-100,-100,-100,-100,-100,-100,3
-100,-69,-75,-100,-70,-74,-100,-100,-100,5
-88,-76,-86,-100,-76,-91,-92,-100,-100,7
-100,-59,-89,-100,-58,-100,-83,-58,-100,1
-76,-100,-100,-78,-91,-100,-55,-100,-100,6
-100,-81,-79,-93,-100,-81,-85,-100,-100,2
-82,-88,-100,-80,-100,-100,-75,-58,-100,8
-100,-100,-100,-100,-100,-100,-100,-100,-100,3
-100,-68,-71,-100,-71,-100,-100,-100,-100,5
-86,-100,-100,-100,-100,-100,-81,-63,-100,4
-100,-57,-89,-100,-59,-80,-100,-59,-100,1
-100,-78,-87,-100,-78,-88,-93,-100,-100,7
-77,-90,-100,-74,-89,-100,-100,-100,-100,6
-100,-100,-84,-91,-100,-86,-100,-100,-100,2
-100,-72,-73,-100,-100,-100,-100,-100,-100,5
-100,-100,-100,-100,-100,-100,-100,-100,-100,3
-82,-89,-100,-100,-100,-100,-100,-65,-100,8
-100,-78,-88,-100,-76,-100,-100,-100,-100,7
-90,-58,-91,-100,-57,-89,-100,-59,-100,1
-100,-87,-100,-100,-85,-100,-100,-63,-100,4
-74,-89,-100,-100,-100,-100,-100,-100,-100,6
-87,-80,-89,-100,-100,-90,-100,-92,-100,2
-100,-72,-73,-100,-100,-72,-100,-100,-100,5
-100,-100,-100,-100,-100,-100,-100,-100,-100,3
-100,-76,-87,-100,-77,-88,-100,-100,-100,7
-88,-62,-88,-100,-62,-100,-100,-61,-100,1
-81,-90,-100,-100,-86,-100,-100,-64,-100,8
-79,-89,-100,-100,-90,-100,-100,-100,-100,6
-81,-100,-100,-71,-100,-100,-86,-59,-100,4
-92,-79,-82,-91,-82,-79,-100,-91,-100,2
-100,-67,-72,-100,-69,-72,-100,-100,-100,5
-100,-77,-86,-100,-77,-87,-100,-100,-100,7
-87,-60,-100,-100,-59,-100,-100,-62,-100,1
-100,-100,-100,-100,-100,-100,-100,-100,-100,3
-74,-100,-100,-100,-100,-100,-100,-100,-100,6
-83,-100,-100,-72,-100,-100,-100,-59,-100,8
-100,-100,-88,-100,-100,-93,-100,-92,-100,2
-87,-90,-100,-100,-92,-100,-100,-57,-100,4
-100,-75,-86,-100,-72,-100,-100,-100,-100,7
-100,-75,-78,-100,-74,-80,-100,-100,-100,5
-90,-69,-100,-100,-69,-100,-100,-68,-100,1
-100,-100,-100,-100,-100,-100,-100,-100,-100,3
-68,-100,-100,-66,-100,-100,-100,-100,-100,6
-93,-100,-88,-100,-100,-75,-100,-90,-100,2
-84,-100,-100,-86,-91,-100,-100,-100,-100,8
-100,-73,-78,-100,-100,-76,-100,-100,-100,5
-100,-74,-90,-100,-75,-100,-100,-100,-100,7
-80,-90,-100,-100,-83,-100,-84,-56,-100,4
-71,-100,-100,-100,-100,-100,-54,-100,-100,6
-100,-100,-100,-100,-100,-100,-100,-100,-100,3
-100,-60,-100,-100,-60,-100,-100,-71,-100,1
-92,-100,-81,-100,-100,-73,-87,-100,-100,2
-100,-72,-100,-100,-100,-100,-100,-100,-100,5
-83,-89,-96,-100,-100,-100,-77,-62,-100,8
-87,-58,-100,-100,-60,-100,-87,-66,-100,1
-100,-72,-86,-100,-73,-87,-100,-100,-100,7
-74,-100,-100,-100,-100,-100,-53,-100,-100,6
-100,-100,-100,-100,-100,-100,-100,-100,-100,3
-79,-91,-100,-75,-100,-100,-75,-58,-100,4
-100,-87,-83,-100,-100,-82,-86,-100,-100,2
-100,-73,-77,-100,-73,-81,-100,-100,-100,5
-100,-74,-86,-100,-74,-100,-89,-100,-100,7
-100,-61,-100,-100,-61,-100,-83,-72,-100,1
-84,-91,-90,-100,-91,-100,-74,-60,-100,8
-74,-100,-100,-100,-100,-100,-52,-100,-100,6
-100,-100,-100,-100,-100,-100,-100,-100,-100,3
-100,-83,-88,-100,-100,-89,-88,-91,-100,2
-80,-87,-100,-100,-82,-100,-78,-57,-100,4
-100,-69,-75,-100,-69,-77,-100,-100,-100,5
-100,-75,-85,-100,-75,-100,-100,-100,-100,7
-100,-60,-100,-100,-61,-100,-100,-71,-100,1
-75,-100,-100,-76,-100,-100,-54,-100,-100,6
-85,-100,-100,-100,-100,-100,-72,-62,-100,8
-100,-100,-100,-100,-100,-100,-100,-100,-100,3
-100,-69,-79,-100,-68,-100,-100,-100,-100,5
-100,-82,-85,-100,-80,-88,-89,-89,-100,2
-100,-77,-87,-100,-76,-90,-100,-100,-100,7
-85,-100,-100,-100,-100,-100,-74,-61,-100,4
-85,-69,-100,-100,-68,-100,-100,-70,-100,1
-73,-100,-100,-100,-100,-100,-51,-100,-100,6
-100,-100,-100,-100,-100,-100,-100,-100,-100,3
-100,-73,-78,-100,-73,-100,-100,-100,-100,5
-100,-92,-100,-100,-100,-100,-83,-92,-100,2
-85,-89,-92,-100,-100,-100,-100,-64,-100,8
-93,-77,-100,-100,-75,-100,-100,-100,-100,7
-100,-65,-100,-100,-64,-100,-100,-73,-100,1
-74,-100,-100,-74,-100,-100,-100,-100,-100,6
-81,-100,-100,-100,-100,-100,-100,-54,-100,4
-100,-75,-72,-100,-100,-100,-100,-100,-100,5
-100,-88,-90,-100,-100,-88,-100,-92,-100,2
-100,-100,-100,-100,-100,-100,-100,-100,-100,3
-91,-75,-89,-100,-74,-100,-100,-100,-100,7
-100,-57,-100,-100,-57,-100,-100,-74,-100,1
-83,-88,-100,-100,-100,-100,-100,-57,-100,8
-74,-100,-100,-100,-100,-100,-100,-100,-100,6
-81,-100,-100,-100,-89,-100,-100,-67,-100,4
-100,-72,-74,-100,-74,-76,-100,-100,-100,5
-92,-79,-86,-90,-100,-87,-100,-100,-100,2
-100,-70,-100,-100,-72,-100,-100,-70,-100,1
-88,-79,-94,-100,-76,-100,-100,-100,-100,7
-100,-100,-100,-100,-100,-100,-100,-100,-100,3
-75,-100,-100,-72,-100,-100,-100,-100,-100,6
-87,-100,-100,-72,-100,-100,-78,-59,-100,8
-77,-89,-100,-76,-100,-100,-80,-54,-100,4
-100,-70,-71,-100,-70,-70,-100,-100,-100,5
-100,-100,-100,-100,-100,-100,-100,-100,-100,2
-85,-56,-100,-100,-57,-100,-82,-72,-100,1
-100,-75,-88,-100,-71,-86,-100,-100,-100,7
-100,-100,-100,-100,-100,-100,-100,-100,-100,3
-73,-100,-100,-100,-100,-100,-55,-100,-100,6
-100,-70,-73,-100,-72,-72,-100,-100,-100,5
-84,-89,-100,-84,-100,-100,-100,-58,-100,8
-100,-63,-100,-100,-64,-100,-100,-62,-100,1
-100,-100,-84,-94,-100,-83,-100,-100,-100,2
-100,-76,-86,-100,-72,-85,-100,-100,-100,7
-81,-100,-100,-100,-100,-100,-100,-53,-100,4
-74,-100,-100,-70,-100,-100,-100,-100,-100,6
-100,-100,-100,-100,-100,-100,-100,-100,-100,3
-100,-73,-69,-100,-72,-71,-100,-100,-100,5
-100,-76,-75,-100,-72,-88,-100,-100,-100,7
-100,-68,-100,-100,-75,-100,-100,-74,-100,1
-84,-82,-84,-79,-81,-81,-100,-89,-100,2
-82,-100,-100,-100,-90,-100,-100,-55,-100,8
-73,-100,-100,-100,-100,-100,-100,-100,-100,6
-100,-100,-100,-100,-100,-100,-100,-100,-100,3
-85,-88,-100,-100,-100,-100,-100,-53,-100,4
-100,-72,-73,-100,-71,-71,-100,-100,-100,5
-100,-64,-100,-100,-62,-100,-100,-77,-100,1
-89,-75,-89,-100,-75,-89,-100,-100,-100,7
-100,-85,-83,-100,-100,-86,-100,-93,-100,2
-71,-100,-100,-71,-100,-100,-100,-100,-100,6
-89,-100,-92,-100,-93,-94,-80,-54,-100,8
-100,-100,-100,-100,-100,-100,-100,-100,-100,3
-100,-89,-100,-84,-100,-100,-75,-57,-100,4
-100,-71,-76,-100,-71,-100,-100,-100,-100,5
-100,-55,-100,-100,-56,-100,-100,-74,-100,1
-100,-72,-85,-100,-72,-87,-100,-100,-100,7
-84,-84,-85,-76,-100,-83,-82,-90,-100,2
-100,-100,-100,-100,-100,-100,-52,-100,-100,6
-88,-100,-100,-100,-100,-90,-73,-55,-100,8
-100,-100,-100,-100,-100,-100,-100,-100,-100,3
-100,-73,-74,-100,-72,-100,-100,-100,-100,5
-100,-67,-100,-100,-71,-100,-100,-62,-100,1
-100,-73,-100,-100,-69,-100,-100,-100,-100,7
-85,-89,-100,-100,-100,-100,-74,-61,-100,4
-88,-87,-84,-100,-100,-81,-85,-92,-100,2
-70,-100,-100,-71,-87,-100,-53,-100,-100,6
-100,-74,-75,-100,-100,-100,-87,-100,-100,5
-100,-100,-100,-100,-100,-100,-100,-100,-100,3
-100,-59,-100,-100,-59,-100,-100,-100,-100,1
-86,-100,-100,-100,-100,-100,-77,-61,-100,8
-88,-75,-83,-100,-71,-100,-92,-100,-100,7
-100,-87,-86,-100,-100,-84,-84,-91,-100,2
-100,-100,-100,-70,-100,-100,-57,-100,-100,6
-85,-100,-100,-100,-100,-100,-79,-64,-100,4
-100,-73,-69,-100,-100,-72,-100,-100,-100,5
-100,-57,-100,-100,-58,-100,-100,-66,-100,1
-100,-100,-100,-100,-100,-100,-100,-100,-100,3
-100,-72,-87,-100,-73,-84,-100,-100,-100,7
-67,-93,-100,-100,-100,-100,-55,-100,-100,6
-100,-89,-100,-100,-100,-100,-70,-53,-100,8
-85,-88,-86,-100,-100,-84,-86,-100,-100,2
-84,-88,-100,-77,-100,-100,-86,-60,-100,4
-100,-69,-71,-100,-68,-72,-100,-100,-100,5
-100,-64,-100,-100,-66,-100,-100,-69,-100,1
-89,-73,-100,-100,-69,-83,-100,-100,-100,7
-100,-100,-100,-100,-100,-100,-100,-100,-100,3
-65,-90,-100,-66,-100,-100,-56,-100,-100,6
-87,-100,-83,-100,-100,-83,-84,-93,-100,2
-86,-88,-100,-100,-90,-100,-78,-53,-100,8
-100,-61,-100,-100,-60,-100,-100,-68,-100,1
-100,-71,-74,-100,-71,-73,-100,-100,-100,5
-84,-88,-100,-100,-88,-100,-100,-64,-100,4
-89,-70,-100,-100,-68,-88,-100,-100,-100,7
-100,-100,-100,-100,-100,-100,-100,-100,-100,3
-68,-100,-100,-67,-100,-100,-100,-100,-100,6
-100,-83,-84,-100,-100,-85,-100,-90,-100,2
-100,-72,-69,-100,-70,-71,-100,-100,-100,5
-88,-100,-100,-87,-100,-100,-100,-57,-100,8
-100,-62,-100,-100,-62,-100,-100,-65,-100,1
-100,-72,-90,-100,-72,-100,-100,-100,-100,7
-84,-100,-100,-71,-100,-100,-100,-100,-100,4
-73,-100,-100,-100,-100,-100,-100,-100,-100,6
-100,-100,-100,-100,-100,-100,-100,-100,-100,3
-87,-89,-83,-87,-100,-83,-100,-100,-100,2
-100,-71,-72,-100,-71,-70,-100,-100,-100,5
-100,-60,-100,-100,-60,-100,-100,-67,-100,1
-100,-76,-88,-100,-69,-100,-100,-100,-100,7
-89,-100,-100,-100,-100,-100,-100,-52,-100,8
-71,-100,-100,-68,-100,-100,-100,-100,-100,6
-100,-100,-100,-100,-100,-100,-100,-100,-100,3
-87,-80,-79,-100,-100,-84,-100,-90,-100,2
-90,-100,-100,-100,-100,-100,-100,-57,-100,4
-100,-72,-72,-100,-72,-70,-100,-100,-100,5
-82,-63,-100,-83,-62,-100,-100,-62,-100,1
-100,-73,-100,-100,-73,-100,-100,-100,-100,7
-71,-100,-100,-100,-100,-100,-100,-100,-100,6
-90,-91,-100,-100,-100,-100,-100,-51,-100,8
-100,-100,-100,-100,-100,-100,-100,-100,-100,3
-93,-84,-85,-100,-100,-87,-100,-87,-100,2
-100,-68,-73,-100,-67,-72,-100,-100,-100,5
-100,-85,-100,-100,-100,-100,-100,-56,-100,4
-100,-66,-100,-100,-66,-100,-100,-62,-100,1
-100,-73,-87,-100,-70,-100,-100,-100,-100,7
-75,-100,-100,-100,-100,-100,-100,-100,-100,6
-89,-82,-85,-100,-100,-86,-100,-89,-100,2
-100,-100,-100,-100,-100,-100,-100,-100,-100,3
-100,-91,-100,-95,-100,-100,-77,-51,-100,8
-100,-74,-74,-100,-74,-75,-100,-100,-100,5
-100,-68,-100,-100,-65,-100,-100,-72,-100,1
-100,-77,-85,-100,-76,-100,-100,-100,-100,7
-100,-100,-100,-100,-100,-100,-55,-100,-100,6
-100,-92,-100,-100,-100,-100,-77,-64,-100,4
-90,-82,-81,-100,-100,-83,-83,-100,-100,2
-100,-100,-100,-100,-100,-100,-100,-100,-100,3
-100,-64,-100,-100,-64,-100,-85,-72,-100,1
-100,-68,-75,-100,-72,-74,-100,-100,-100,5
-89,-87,-100,-100,-86,-100,-73,-53,-100,8
-100,-77,-90,-100,-75,-100,-100,-100,-100,7
-77,-100,-100,-73,-100,-100,-53,-100,-100,6
-88,-100,-100,-100,-89,-100,-72,-59,-100,4
-86,-85,-81,-100,-100,-75,-100,-91,-100,2
-100,-70,-76,-100,-71,-100,-100,-100,-100,5
-100,-100,-100,-100,-100,-100,-100,-100,-100,3
-100,-58,-84,-100,-57,-100,-100,-70,-100,1
-100,-77,-100,-100,-71,-100,-100,-100,-100,7
-72,-100,-100,-100,-100,-100,-100,-100,-100,6
-88,-100,-100,-100,-100,-100,-100,-52,-100,8
-91,-92,-100,-100,-100,-100,-100,-69,-100,4
-86,-86,-82,-100,-100,-83,-100,-90,-100,2
-100,-84,-77,-100,-100,-100,-100,-100,-100,5
-100,-54,-100,-100,-55,-100,-100,-66,-100,1
-100,-100,-100,-100,-100,-100,-100,-100,-100,3
-100,-76,-86,-100,-70,-100,-100,-100,-100,7
-73,-100,-100,-70,-100,-100,-100,-100,-100,6
-89,-100,-100,-86,-100,-100,-100,-52,-100,8
-100,-88,-80,-100,-83,-73,-100,-93,-100,2
-100,-76,-74,-100,-100,-78,-100,-100,-100,5
-78,-61,-100,-100,-62,-100,-100,-64,-100,1
-90,-100,-100,-100,-100,-100,-84,-64,-100,4
-100,-75,-86,-100,-71,-100,-100,-100,-100,7
-100,-100,-100,-100,-100,-100,-100,-100,-100,3
-73,-100,-100,-100,-100,-100,-54,-100,-100,6
-100,-76,-78,-100,-78,-76,-100,-100,-100,5
-86,-100,-82,-85,-100,-83,-81,-100,-100,2
-100,-87,-94,-100,-100,-100,-75,-52,-100,8
-78,-54,-100,-77,-54,-100,-85,-68,-100,1
-94,-77,-100,-100,-74,-100,-100,-100,-100,7
-73,-100,-100,-75,-100,-100,-55,-100,-100,6
-100,-100,-100,-100,-100,-100,-100,-100,-100,3
-86,-100,-100,-85,-100,-100,-75,-73,-100,4
-100,-75,-80,-100,-70,-75,-100,-100,-100,5
-83,-87,-85,-100,-100,-82,-80,-91,-100,2
-79,-55,-100,-79,-56,-100,-100,-62,-100,1
-100,-77,-86,-100,-73,-100,-96,-100,-100,7
-73,-100,-100,-72,-100,-100,-100,-100,-100,6
-87,-100,-93,-100,-88,-100,-100,-52,-100,8
-100,-100,-100,-100,-100,-100,-100,-100,-100,3
-78,-89,-100,-100,-100,-100,-100,-57,-100,4
-86,-52,-100,-100,-53,-100,-100,-71,-100,1
-83,-90,-80,-100,-84,-75,-100,-92,-100,2
-100,-77,-79,-100,-73,-79,-100,-100,-100,5
-100,-73,-83,-89,-68,-100,-100,-100,-100,7
-74,-100,-100,-100,-100,-100,-100,-100,-100,6
-88,-100,-100,-100,-100,-100,-100,-51,-100,8
-100,-100,-100,-100,-100,-100,-100,-100,-100,3
-100,-72,-73,-100,-73,-71,-100,-100,-100,5
-73,-100,-100,-72,-100,-100,-100,-65,-100,4
-85,-56,-100,-100,-57,-100,-100,-100,-100,1
-86,-80,-84,-100,-100,-85,-100,-92,-100,2
-100,-75,-86,-90,-75,-100,-100,-100,-100,7
-73,-100,-100,-72,-100,-100,-100,-100,-100,6
-100,-100,-100,-100,-100,-100,-100,-100,-100,3
-88,-87,-91,-100,-100,-100,-100,-50,-100,8
-100,-70,-74,-100,-71,-73,-100,-100,-100,5
-84,-52,-100,-100,-54,-100,-100,-66,-100,1
-100,-81,-84,-100,-82,-86,-100,-100,-100,2
-78,-100,-100,-76,-100,-100,-100,-100,-100,6
-89,-74,-89,-100,-73,-100,-100,-100,-100,7
-74,-100,-100,-75,-100,-100,-100,-68,-100,4
-100,-100,-100,-100,-100,-100,-100,-100,-100,3
-100,-73,-72,-100,-73,-73,-100,-100,-100,5
-80,-57,-100,-100,-56,-100,-100,-62,-100,1
-85,-84,-85,-100,-100,-81,-100,-89,-100,2
-84,-91,-93,-100,-100,-100,-100,-52,-100,8
-100,-73,-87,-100,-71,-87,-100,-100,-100,7
-100,-100,-100,-70,-100,-100,-100,-100,-100,6
-76,-86,-100,-100,-85,-100,-100,-64,-100,4
-100,-100,-100,-100,-100,-100,-100,-100,-100,3
-100,-75,-71,-100,-100,-100,-100,-100,-100,5
-82,-55,-85,-100,-54,-83,-100,-66,-100,1
-100,-100,-84,-100,-100,-100,-100,-100,-100,2
-71,-100,-100,-69,-100,-100,-100,-100,-100,6
-92,-75,-89,-100,-74,-89,-100,-100,-100,7
-82,-100,-100,-72,-100,-100,-77,-52,-100,8
-100,-100,-73,-100,-100,-100,-100,-100,-100,5
-80,-88,-100,-100,-100,-100,-85,-66,-100,4
-100,-100,-100,-100,-100,-100,-100,-100,-100,3
-81,-46,-100,-100,-49,-100,-78,-67,-100,1
-71,-88,-100,-100,-100,-100,-54,-100,-100,6
-95,-100,-88,-100,-100,-79,-81,-88,-100,2
-100,-74,-90,-100,-69,-100,-100,-100,-100,7
-83,-87,-92,-100,-100,-100,-100,-52,-100,8
-100,-73,-76,-100,-74,-74,-100,-100,-100,5
-81,-62,-79,-100,-61,-100,-100,-64,-100,1
-100,-89,-100,-78,-100,-100,-100,-65,-100,4
-100,-100,-100,-100,-100,-100,-100,-100,-100,3
-71,-87,-100,-100,-100,-100,-100,-100,-100,6
-100,-74,-90,-100,-70,-100,-100,-100,-100,7
-100,-80,-79,-93,-81,-80,-100,-92,-100,2
-100,-72,-74,-100,-74,-77,-100,-100,-100,5
-86,-100,-91,-100,-100,-100,-100,-52,-100,8
-77,-54,-85,-100,-53,-100,-100,-68,-100,1
-71,-86,-100,-68,-100,-100,-100,-100,-100,6
-100,-100,-100,-100,-100,-100,-100,-100,-100,3
-88,-86,-81,-100,-100,-82,-100,-89,-100,2
-100,-76,-87,-100,-76,-100,-100,-100,-100,7
-74,-100,-100,-100,-100,-100,-100,-63,-100,4
-100,-75,-76,-100,-100,-100,-100,-100,-100,5
-87,-56,-79,-78,-55,-76,-100,-65,-100,1
-71,-100,-100,-100,-100,-100,-100,-100,-100,6
-100,-77,-100,-100,-74,-100,-100,-100,-100,7
-87,-100,-90,-100,-100,-100,-100,-51,-100,8
-88,-83,-78,-87,-85,-72,-100,-100,-100,2
-100,-100,-100,-100,-100,-100,-100,-100,-100,3
-73,-100,-100,-100,-100,-100,-100,-65,-100,4
-100,-73,-77,-100,-100,-100,-100,-100,-100,5
-71,-55,-83,-72,-54,-83,-100,-69,-100,1
-100,-74,-87,-100,-74,-100,-100,-100,-100,7
-73,-100,-100,-72,-100,-100,-100,-100,-100,6
-100,-81,-81,-100,-100,-81,-100,-91,-100,2
-100,-100,-100,-100,-100,-100,-100,-100,-100,3
-100,-100,-100,-100,-85,-100,-100,-51,-100,8
-100,-74,-72,-100,-100,-71,-100,-100,-100,5
-100,-100,-100,-100,-100,-100,-100,-100,-100,6
-73,-59,-100,-73,-60,-100,-100,-100,-100,1
-100,-73,-100,-100,-72,-100,-100,-100,-100,7
-87,-82,-87,-88,-85,-84,-100,-100,-100,2
-100,-100,-100,-100,-100,-100,-100,-100,-100,3
-68,-89,-100,-100,-85,-100,-100,-65,-100,4
-89,-89,-100,-100,-100,-100,-78,-50,-100,8
-100,-73,-72,-100,-73,-74,-100,-100,-100,5
-74,-100,-100,-71,-100,-100,-56,-100,-100,6
-83,-57,-76,-100,-57,-78,-76,-66,-100,1
-100,-75,-100,-100,-70,-100,-100,-100,-100,7
-73,-100,-100,-70,-100,-100,-80,-69,-100,4
-100,-80,-86,-100,-100,-81,-87,-91,-100,2
-100,-100,-100,-100,-100,-100,-100,-100,-100,3
-100,-72,-70,-100,-72,-70,-85,-100,-100,5
-100,-100,-100,-100,-100,-100,-55,-100,-100,6
-90,-100,-100,-89,-100,-100,-75,-51,-100,8
-83,-50,-100,-81,-49,-100,-78,-60,-100,1
-100,-73,-85,-100,-70,-100,-100,-100,-100,7
-87,-79,-83,-85,-100,-84,-81,-100,-100,2
-81,-100,-100,-100,-100,-100,-75,-100,-100,4
-100,-100,-100,-100,-100,-100,-100,-100,-100,3
-100,-70,-77,-86,-71,-100,-100,-100,-100,5
-73,-91,-100,-73,-87,-100,-54,-100,-100,6
-100,-76,-82,-100,-69,-100,-100,-100,-100,7
-85,-54,-85,-86,-54,-79,-76,-61,-100,1
-89,-85,-100,-100,-100,-100,-73,-100,-100,8
-85,-78,-81,-100,-81,-75,-82,-90,-100,2
-100,-100,-100,-100,-100,-100,-100,-100,-100,3
-83,-100,-100,-100,-100,-100,-73,-57,-100,4
-72,-100,-100,-73,-92,-100,-100,-100,-100,6
-100,-75,-100,-100,-70,-100,-100,-100,-100,7
-85,-59,-84,-87,-63,-84,-100,-64,-100,1
-85,-80,-81,-80,-86,-86,-100,-89,-100,2
-89,-90,-94,-100,-100,-100,-100,-52,-100,8
-100,-100,-100,-100,-100,-100,-100,-100,-100,3
-100,-76,-85,-100,-73,-100,-100,-100,-100,7
-100,-60,-100,-100,-59,-100,-100,-72,-100,1
-82,-100,-100,-81,-100,-100,-100,-64,-100,4
-72,-100,-100,-71,-86,-100,-100,-87,-100,6
-100,-84,-83,-100,-100,-85,-100,-89,-100,2
-85,-100,-100,-76,-100,-100,-100,-52,-100,8
-72,-88,-100,-100,-92,-100,-100,-85,-100,6
-100,-74,-88,-100,-73,-100,-100,-100,-100,7
-85,-60,-86,-100,-61,-100,-100,-67,-100,1
-100,-100,-100,-100,-100,-100,-100,-100,-100,3
-80,-90,-100,-100,-100,-100,-100,-64,-100,4
-87,-81,-82,-100,-100,-80,-85,-89,-100,2
-73,-100,-100,-100,-82,-100,-55,-86,-100,6
-100,-75,-89,-100,-73,-100,-100,-100,-100,7
-100,-56,-87,-100,-54,-100,-77,-70,-100,1
-100,-90,-100,-85,-84,-89,-73,-52,-100,8
-100,-100,-100,-100,-100,-100,-100,-100,-100,3
-100,-100,-86,-100,-100,-88,-100,-100,-100,2
-79,-89,-100,-74,-85,-100,-100,-64,-100,4
-100,-100,-100,-100,-100,-100,-100,-100,-100,6
-89,-74,-88,-100,-73,-89,-100,-100,-100,7
-100,-54,-100,-100,-55,-100,-100,-64,-100,1
-100,-100,-100,-100,-100,-100,-100,-100,-100,3
-85,-89,-88,-100,-100,-100,-100,-53,-100,8
-88,-100,-84,-100,-100,-74,-100,-100,-100,2
-77,-100,-100,-77,-92,-100,-100,-100,-100,4
-70,-90,-100,-69,-100,-100,-100,-100,-100,6
-100,-53,-100,-100,-51,-87,-100,-67,-100,1
-87,-74,-85,-100,-73,-100,-100,-100,-100,7
-100,-100,-100,-100,-100,-100,-100,-100,-100,3
-94,-84,-79,-100,-100,-75,-100,-100,-100,2
-100,-100,-100,-100,-100,-100,-100,-53,-100,8
-70,-100,-100,-70,-100,-100,-100,-100,-100,6
-78,-93,-100,-100,-100,-100,-100,-68,-100,4
-89,-54,-100,-100,-55,-100,-100,-70,-100,1
-90,-73,-88,-100,-71,-86,-100,-100,-100,7
-100,-100,-100,-100,-100,-100,-100,-100,-100,3
-90,-83,-79,-100,-100,-74,-100,-100,-100,2
-85,-100,-100,-100,-100,-100,-100,-68,-100,8
-100,-74,-100,-100,-71,-100,-100,-100,-100,7
-100,-55,-100,-100,-58,-100,-100,-70,-100,1
-70,-100,-100,-100,-100,-100,-100,-100,-100,6
-78,-92,-100,-78,-100,-100,-100,-64,-100,4
-100,-100,-100,-100,-100,-100,-100,-100,-100,3
-86,-85,-79,-86,-100,-79,-100,-100,-100,2
-74,-100,-100,-70,-88,-100,-100,-100,-100,6
-100,-55,-100,-100,-54,-100,-100,-100,-100,1
-100,-77,-85,-100,-73,-100,-100,-100,-100,7
-100,-86,-88,-89,-100,-100,-100,-53,-100,8
-100,-83,-82,-100,-82,-83,-82,-93,-100,2
-100,-100,-100,-100,-100,-100,-100,-100,-100,3
-78,-91,-100,-75,-100,-100,-81,-64,-100,4
-75,-100,-100,-100,-100,-100,-57,-100,-100,6
-100,-75,-83,-100,-74,-100,-88,-100,-100,7
-86,-54,-100,-100,-56,-100,-82,-63,-100,1
-100,-100,-100,-100,-90,-100,-72,-54,-100,8
-100,-81,-87,-100,-100,-87,-82,-91,-100,2
-100,-100,-100,-100,-100,-100,-56,-100,-100,6
-100,-100,-100,-100,-100,-100,-100,-100,-100,3
-100,-75,-90,-100,-72,-100,-100,-100,-100,7
-76,-100,-100,-100,-100,-100,-75,-64,-100,4
-85,-56,-100,-100,-53,-87,-100,-73,-100,1
-87,-100,-100,-87,-100,-100,-100,-53,-100,8
-74,-92,-100,-75,-100,-100,-100,-100,-100,6
-100,-100,-100,-100,-100,-100,-100,-100,-100,3
-100,-74,-100,-100,-69,-100,-100,-100,-100,7
-88,-100,-87,-100,-100,-84,-100,-100,-100,2
-84,-57,-100,-100,-56,-85,-100,-66,-100,1
-80,-90,-100,-77,-100,-100,-100,-65,-100,4
-100,-100,-93,-100,-100,-91,-100,-100,-100,2
-77,-87,-100,-100,-100,-100,-100,-100,-100,6
-100,-59,-100,-100,-56,-89,-100,-62,-100,1
-92,-74,-89,-100,-70,-90,-100,-100,-100,7
-100,-100,-100,-100,-100,-100,-100,-100,-100,3
-90,-100,-100,-89,-89,-100,-100,-50,-100,8
-82,-92,-100,-100,-100,-100,-77,-68,-100,4
-100,-82,-83,-100,-100,-83,-100,-90,-100,2
-100,-100,-100,-100,-100,-100,-100,-100,-100,6
-92,-72,-86,-100,-70,-100,-100,-100,-100,7
-88,-55,-100,-100,-56,-100,-100,-62,-100,1
-100,-100,-100,-100,-100,-100,-100,-100,-100,3
-84,-90,-100,-100,-87,-100,-100,-52,-100,8
-88,-80,-78,-100,-100,-80,-100,-90,-100,2
-75,-100,-100,-74,-89,-100,-100,-100,-100,6
-82,-100,-100,-82,-100,-100,-100,-61,-100,4
-92,-75,-86,-100,-71,-83,-100,-100,-100,7
-100,-59,-91,-100,-59,-100,-100,-81,-100,1
-100,-100,-100,-100,-100,-100,-100,-100,-100,3
-84,-100,-100,-100,-100,-100,-100,-52,-100,8
-76,-89,-100,-75,-92,-100,-100,-87,-100,6
-83,-77,-86,-84,-100,-88,-100,-88,-100,2
-100,-73,-84,-100,-75,-100,-100,-100,-100,7
-89,-52,-100,-81,-53,-100,-100,-67,-100,1
-100,-100,-100,-85,-100,-100,-81,-63,-100,4
-100,-100,-100,-100,-100,-100,-100,-100,-100,3
-72,-90,-100,-73,-86,-100,-50,-100,-100,6
-82,-80,-80,-100,-100,-80,-85,-100,-100,2
-100,-73,-88,-100,-71,-100,-100,-100,-100,7
-84,-100,-100,-100,-100,-100,-81,-100,-100,8
-100,-56,-100,-87,-56,-100,-84,-65,-100,1
-100,-100,-100,-100,-89,-100,-74,-58,-100,4
-100,-100,-100,-100,-100,-100,-100,-100,-100,3
-79,-100,-100,-81,-100,-100,-51,-100,-100,6
-87,-100,-81,-100,-100,-82,-84,-88,-100,2
-100,-73,-83,-100,-73,-85,-100,-100,-100,7
-100,-59,-100,-100,-60,-100,-88,-63,-100,1
-100,-87,-89,-100,-89,-100,-72,-51,-100,8
-83,-88,-100,-76,-100,-100,-76,-61,-100,4
-100,-100,-100,-100,-100,-100,-100,-100,-100,3
-70,-100,-100,-70,-100,-100,-53,-100,-100,6
-88,-92,-77,-100,-100,-76,-88,-89,-100,2
-90,-74,-87,-100,-75,-85,-100,-100,-100,7
-100,-55,-91,-100,-57,-100,-87,-66,-100,1
-87,-87,-100,-85,-100,-100,-100,-52,-100,8
-100,-100,-100,-100,-100,-100,-100,-100,-100,3
-100,-93,-100,-100,-85,-100,-100,-60,-100,4
-69,-89,-100,-100,-88,-100,-100,-100,-100,6
-86,-79,-72,-77,-100,-73,-100,-100,-100,2
-100,-67,-100,-100,-65,-100,-100,-100,-100,1
-100,-74,-74,-89,-69,-100,-100,-100,-100,7
-90,-100,-100,-100,-100,-100,-100,-51,-100,8
-71,-91,-100,-100,-89,-100,-100,-100,-100,6
-100,-100,-100,-100,-100,-100,-100,-100,-100,3
-90,-76,-87,-100,-74,-76,-100,-100,-100,7
-91,-79,-79,-100,-78,-79,-100,-100,-100,2
-100,-66,-100,-100,-66,-100,-100,-71,-100,1
-85,-100,-100,-100,-100,-100,-100,-73,-100,4
-71,-91,-100,-100,-100,-100,-100,-100,-100,6
-100,-100,-100,-100,-100,-100,-100,-100,-100,3
-100,-75,-100,-96,-74,-100,-100,-100,-100,7
-100,-64,-88,-100,-62,-86,-100,-74,-100,1
-100,-100,-100,-100,-91,-100,-75,-52,-100,8
-91,-76,-77,-91,-75,-78,-83,-100,-100,2
-80,-100,-100,-79,-100,-100,-72,-100,-100,4
-71,-90,-100,-100,-100,-100,-100,-100,-100,6
-100,-75,-87,-100,-72,-100,-100,-100,-100,7
-100,-100,-100,-100,-100,-100,-100,-100,-100,3
-100,-73,-81,-100,-93,-80,-100,-100,-100,2
-100,-64,-88,-100,-64,-87,-100,-74,-100,1
-88,-90,-100,-100,-100,-96,-100,-52,-100,8
-71,-87,-100,-71,-100,-100,-100,-100,-100,6
-85,-100,-100,-100,-100,-100,-100,-65,-100,4
-100,-75,-100,-100,-74,-100,-100,-100,-100,7
-100,-59,-100,-100,-60,-90,-100,-69,-100,1
-100,-76,-80,-100,-100,-75,-100,-100,-100,2
-100,-100,-100,-100,-100,-100,-100,-100,-100,3
-86,-100,-100,-100,-100,-100,-100,-51,-100,8
-70,-94,-100,-70,-90,-100,-100,-89,-100,6
-79,-88,-100,-100,-83,-100,-100,-60,-100,4
-92,-75,-82,-100,-72,-100,-100,-100,-100,7
-82,-58,-100,-84,-56,-100,-100,-67,-100,1
-88,-75,-79,-100,-100,-78,-100,-92,-100,2
-100,-100,-100,-100,-100,-100,-100,-100,-100,3
-79,-100,-100,-100,-100,-100,-72,-53,-100,8
-70,-100,-100,-70,-100,-100,-55,-100,-100,6
-100,-74,-84,-100,-100,-100,-100,-100,-100,7
-100,-72,-100,-100,-71,-86,-84,-65,-100,1
-89,-73,-82,-100,-100,-80,-87,-91,-100,2
-79,-100,-100,-73,-89,-100,-73,-58,-100,4
-100,-100,-100,-100,-100,-100,-100,-100,-100,3
-70,-89,-100,-100,-100,-100,-100,-100,-100,6
-100,-74,-84,-100,-73,-100,-100,-100,-100,7
-100,-62,-100,-100,-63,-100,-100,-65,-100,1
-100,-100,-93,-100,-89,-100,-100,-52,-100,8
-100,-75,-77,-100,-100,-78,-100,-92,-100,2
-100,-100,-100,-100,-100,-100,-100,-100,-100,3
-84,-86,-100,-87,-93,-100,-100,-62,-100,4
-100,-87,-100,-100,-88,-100,-100,-100,-100,6
-100,-75,-86,-100,-71,-100,-100,-100,-100,7
-100,-63,-100,-100,-62,-100,-100,-67,-100,1
-95,-74,-82,-100,-100,-81,-100,-100,-100,2
-100,-89,-94,-100,-91,-100,-100,-52,-100,8
-100,-100,-100,-100,-100,-100,-100,-100,-100,3
-100,-90,-100,-100,-100,-100,-100,-88,-100,6
-86,-90,-100,-100,-100,-100,-75,-61,-100,4
-100,-74,-83,-91,-71,-87,-100,-100,-100,7
-100,-60,-100,-100,-59,-100,-100,-74,-100,1
-91,-77,-84,-100,-100,-75,-81,-90,-100,2
-68,-100,-100,-68,-100,-100,-55,-100,-100,6
-100,-100,-100,-100,-100,-100,-100,-100,-100,3
-100,-90,-100,-86,-100,-100,-75,-52,-100,8
-90,-74,-79,-100,-69,-100,-100,-100,-100,7
-100,-59,-100,-100,-58,-100,-83,-66,-100,1
-80,-100,-100,-77,-100,-100,-71,-61,-100,4
-100,-72,-82,-100,-74,-76,-100,-92,-100,2
-70,-100,-100,-70,-100,-100,-100,-100,-100,6
-100,-100,-100,-100,-100,-100,-100,-100,-100,3
-100,-75,-85,-100,-74,-100,-100,-100,-100,7
-85,-100,-100,-100,-90,-100,-100,-52,-100,8
-100,-62,-100,-100,-61,-100,-100,-68,-100,1
-100,-92,-100,-88,-100,-100,-100,-57,-100,4
-90,-74,-81,-100,-75,-76,-100,-90,-100,2
-67,-100,-100,-100,-100,-100,-100,-85,-100,6
-89,-72,-100,-100,-69,-100,-100,-100,-100,7
-100,-100,-100,-100,-100,-100,-100,-100,-100,3
-100,-61,-100,-100,-60,-100,-100,-67,-100,1
-87,-91,-100,-100,-86,-100,-100,-53,-100,8
-86,-75,-81,-100,-100,-81,-100,-100,-100,2
-80,-100,-100,-100,-89,-100,-100,-64,-100,4
-67,-87,-100,-100,-100,-100,-100,-100,-100,6
-89,-78,-86,-100,-73,-84,-100,-100,-100,7
-100,-60,-100,-100,-60,-100,-100,-66,-100,1
-100,-100,-100,-100,-100,-100,-100,-100,-100,3
-100,-74,-78,-100,-100,-79,-93,-91,-100,2
-100,-100,-100,-100,-100,-100,-76,-53,-100,8
-70,-88,-100,-100,-94,-100,-54,-100,-100,6
-90,-76,-87,-100,-71,-86,-100,-100,-100,7
-76,-100,-100,-72,-100,-100,-100,-64,-100,4
-84,-60,-100,-83,-57,-100,-100,-69,-100,1
-100,-100,-100,-100,-100,-100,-100,-100,-100,3
-90,-76,-83,-100,-100,-83,-100,-89,-100,2
-68,-92,-100,-100,-100,-100,-100,-100,-100,6
-91,-100,-100,-72,-100,-100,-100,-52,-100,8
-100,-76,-85,-90,-72,-77,-100,-100,-100,7
-86,-61,-100,-100,-59,-100,-100,-68,-100,1
-100,-93,-100,-100,-100,-100,-100,-61,-100,4
-100,-100,-100,-100,-100,-100,-100,-100,-100,3
-89,-73,-80,-90,-74,-79,-100,-100,-100,2
-70,-89,-100,-100,-100,-100,-100,-100,-100,6
-100,-75,-85,-100,-72,-100,-100,-100,-100,7
-85,-61,-100,-81,-59,-100,-100,-74,-100,1
-100,-100,-90,-83,-100,-100,-100,-52,-100,8
-100,-100,-100,-100,-100,-100,-100,-100,-100,3
-100,-86,-85,-100,-86,-79,-85,-93,-100,2
-71,-93,-100,-100,-100,-100,-53,-100,-100,6
-80,-90,-100,-100,-85,-100,-87,-62,-100,4
-100,-74,-85,-100,-75,-79,-100,-100,-100,7
-88,-62,-100,-100,-61,-100,-84,-67,-100,1
-100,-91,-89,-100,-100,-100,-72,-53,-100,8
-100,-100,-100,-100,-100,-100,-100,-100,-100,3
-87,-82,-82,-100,-81,-80,-85,-87,-100,2
-73,-100,-100,-100,-88,-100,-53,-100,-100,6
-100,-75,-84,-100,-73,-86,-100,-100,-100,7
-76,-86,-100,-78,-100,-100,-70,-63,-100,4
-100,-61,-100,-100,-60,-100,-84,-69,-100,1
-100,-100,-100,-100,-100,-100,-100,-100,-100,3
-100,-100,-88,-100,-100,-81,-88,-94,-100,2
-71,-100,-100,-100,-90,-100,-54,-100,-100,6
-87,-100,-100,-100,-100,-100,-74,-50,-100,8
-100,-74,-87,-100,-71,-85,-91,-100,-100,7
-83,-66,-100,-80,-63,-100,-100,-61,-100,1
-78,-89,-100,-100,-100,-100,-79,-64,-100,4
-69,-91,-100,-100,-100,-100,-55,-100,-100,6
-87,-83,-83,-78,-100,-83,-78,-89,-100,2
-100,-100,-100,-100,-100,-100,-100,-100,-100,3
-92,-75,-75,-100,-70,-82,-100,-100,-100,7
-87,-100,-100,-85,-100,-100,-73,-55,-100,8
-100,-61,-100,-100,-59,-100,-85,-73,-100,1
-84,-85,-100,-70,-100,-100,-74,-58,-100,4
-74,-91,-100,-73,-92,-100,-54,-100,-100,6
-100,-100,-82,-100,-100,-86,-88,-88,-100,2
-100,-100,-100,-100,-100,-100,-100,-100,-100,3
-100,-74,-100,-100,-74,-100,-100,-100,-100,7
-100,-69,-100,-88,-68,-100,-88,-65,-100,1
-86,-90,-100,-100,-91,-100,-72,-53,-100,8
-79,-100,-100,-100,-100,-100,-100,-100,-100,6
-79,-90,-100,-100,-91,-100,-100,-62,-100,4
-100,-79,-88,-88,-78,-86,-100,-100,-100,2
-100,-77,-86,-100,-74,-100,-100,-100,-100,7
-100,-100,-100,-100,-100,-100,-100,-100,-100,3
-100,-62,-100,-100,-63,-100,-100,-66,-100,1
-86,-100,-100,-100,-87,-100,-100,-52,-100,8
-69,-100,-100,-100,-100,-100,-100,-100,-100,6
-93,-100,-84,-100,-93,-86,-100,-90,-100,2
-100,-75,-82,-100,-100,-100,-100,-100,-100,7
-88,-66,-100,-100,-66,-100,-100,-64,-100,1
-100,-100,-100,-100,-100,-100,-100,-100,-100,3
-100,-88,-100,-100,-100,-100,-100,-61,-100,4
-76,-100,-100,-74,-100,-100,-100,-100,-100,6
-87,-86,-100,-100,-100,-100,-100,-100,-100,8
-100,-87,-87,-94,-100,-77,-100,-89,-100,2
-100,-65,-100,-100,-66,-100,-100,-63,-100,1
-100,-75,-86,-100,-70,-85,-100,-100,-100,7
-100,-100,-100,-100,-100,-100,-100,-100,-100,3
-86,-87,-100,-79,-100,-100,-82,-60,-100,4
-78,-100,-100,-77,-100,-100,-58,-100,-100,6
-100,-80,-86,-100,-83,-100,-88,-100,-100,7
-90,-100,-85,-100,-100,-88,-74,-100,-100,2
-100,-70,-100,-100,-69,-100,-85,-63,-100,1
-86,-92,-100,-86,-100,-100,-74,-52,-100,8
-100,-100,-100,-100,-100,-100,-100,-100,-100,3
-77,-100,-100,-100,-100,-100,-55,-100,-100,6
-89,-100,-100,-100,-100,-100,-87,-59,-100,4
-100,-76,-87,-100,-76,-86,-90,-100,-100,7
-90,-80,-90,-81,-89,-88,-82,-87,-100,2
-88,-64,-100,-100,-63,-100,-83,-64,-100,1
-100,-100,-100,-100,-100,-100,-100,-100,-100,3
-84,-100,-100,-100,-89,-100,-100,-51,-100,8
-83,-100,-100,-78,-100,-100,-100,-100,-100,6
-100,-77,-84,-100,-76,-85,-100,-100,-100,7
-78,-100,-100,-70,-100,-100,-100,-66,-100,4
-100,-100,-77,-100,-100,-85,-100,-87,-100,2
-100,-61,-100,-100,-60,-100,-100,-68,-100,1
-100,-100,-100,-100,-100,-100,-100,-100,-100,3
-78,-100,-100,-80,-100,-100,-100,-100,-100,6
-100,-100,-100,-83,-100,-100,-100,-52,-100,8
-100,-77,-84,-100,-100,-86,-100,-100,-100,7
-100,-61,-100,-100,-60,-100,-100,-100,-100,1
-100,-80,-83,-100,-100,-93,-100,-87,-100,2
-79,-100,-100,-100,-100,-100,-100,-67,-100,4
-75,-100,-100,-100,-100,-100,-100,-100,-100,6
-100,-100,-100,-100,-100,-100,-100,-100,-100,3
-100,-76,-84,-89,-72,-100,-100,-100,-100,7
-86,-69,-100,-87,-68,-100,-100,-73,-100,1
-84,-85,-92,-100,-85,-100,-76,-52,-100,8
-92,-100,-82,-100,-100,-100,-88,-100,-100,2
-100,-100,-100,-100,-91,-100,-74,-70,-100,4
-79,-100,-100,-76,-100,-100,-58,-100,-100,6
-100,-100,-100,-100,-100,-100,-100,-100,-100,3
-100,-74,-87,-100,-70,-87,-100,-100,-100,7
-88,-59,-100,-100,-57,-100,-100,-67,-100,1
-91,-77,-85,-100,-100,-83,-100,-91,-100,2
-100,-88,-100,-100,-100,-100,-100,-53,-100,8
-80,-100,-100,-100,-100,-100,-100,-100,-100,6
-81,-88,-100,-80,-84,-100,-100,-66,-100,4
-100,-100,-100,-100,-100,-100,-100,-100,-100,3
-100,-75,-87,-100,-74,-85,-100,-100,-100,7
-93,-62,-100,-100,-59,-100,-100,-67,-100,1
-92,-77,-85,-100,-100,-84,-100,-89,-100,2
-79,-100,-100,-100,-100,-100,-100,-100,-100,6
-71,-100,-100,-82,-100,-100,-100,-50,-100,8
-100,-100,-100,-100,-100,-100,-100,-100,-100,3
-80,-88,-100,-100,-100,-100,-100,-64,-100,4
-100,-57,-100,-100,-57,-100,-100,-68,-100,1
-100,-77,-87,-100,-75,-100,-100,-100,-100,7
-100,-80,-83,-100,-100,-84,-100,-89,-100,2
-83,-100,-100,-75,-100,-100,-59,-100,-100,6
-100,-88,-100,-85,-100,-100,-76,-52,-100,8
-100,-63,-100,-100,-64,-100,-83,-67,-100,1
-100,-100,-100,-100,-100,-100,-100,-100,-100,3
-90,-75,-85,-100,-78,-87,-100,-100,-100,7
-100,-78,-86,-100,-100,-85,-86,-88,-100,2
-100,-100,-100,-100,-89,-100,-80,-63,-100,4
-81,-100,-100,-100,-100,-100,-58,-100,-100,6
-100,-76,-85,-90,-72,-87,-89,-100,-100,7
-100,-64,-100,-100,-65,-100,-100,-64,-100,1
-84,-89,-100,-100,-86,-100,-100,-54,-100,8
-100,-100,-100,-100,-100,-100,-100,-100,-100,3
-100,-76,-83,-100,-100,-83,-100,-87,-100,2
-82,-100,-100,-100,-100,-100,-100,-100,-100,6
-80,-100,-100,-79,-100,-100,-100,-64,-100,4
-100,-76,-87,-91,-72,-87,-100,-100,-100,7
-100,-67,-100,-100,-66,-100,-100,-69,-100,1
-100,-82,-83,-100,-100,-78,-100,-90,-100,2
-100,-100,-100,-100,-100,-100,-100,-100,-100,3
-84,-100,-100,-100,-100,-100,-100,-51,-100,8
-79,-100,-100,-78,-100,-100,-100,-100,-100,6
-92,-76,-88,-100,-72,-86,-100,-100,-100,7
-100,-59,-100,-100,-57,-100,-100,-100,-100,1
-74,-88,-100,-100,-88,-100,-100,-60,-100,4
-100,-75,-79,-100,-100,-100,-100,-89,-100,2
-100,-100,-100,-100,-100,-100,-100,-100,-100,3
-77,-100,-100,-100,-91,-100,-60,-100,-100,6
-85,-100,-100,-84,-100,-100,-76,-52,-100,8
-100,-59,-100,-100,-59,-100,-100,-69,-100,1
-100,-74,-84,-100,-76,-100,-100,-100,-100,7
-100,-78,-85,-100,-100,-83,-78,-100,-100,2
-75,-85,-100,-75,-86,-100,-79,-59,-100,4
-78,-94,-100,-100,-100,-100,-59,-100,-100,6
-100,-100,-100,-100,-100,-100,-100,-100,-100,3
-100,-60,-86,-100,-60,-100,-81,-100,-100,1
-84,-100,-100,-100,-100,-100,-75,-51,-100,8
-100,-75,-100,-100,-70,-100,-100,-100,-100,7
-90,-79,-81,-100,-100,-82,-78,-100,-100,2
-76,-95,-100,-100,-94,-100,-61,-100,-100,6
-75,-88,-100,-75,-100,-100,-78,-61,-100,4
-100,-100,-100,-100,-100,-100,-100,-100,-100,3
-100,-67,-100,-100,-66,-100,-100,-65,-100,1
-100,-75,-85,-100,-74,-100,-100,-100,-100,7
-84,-86,-100,-100,-100,-100,-74,-52,-100,8
-100,-83,-100,-100,-100,-90,-78,-100,-100,2
-76,-91,-100,-76,-100,-100,-58,-100,-100,6
-100,-100,-100,-100,-100,-100,-100,-100,-100,3
-100,-70,-100,-91,-60,-100,-100,-65,-100,1
-74,-87,-100,-100,-86,-100,-78,-59,-100,4
-91,-76,-100,-100,-71,-100,-100,-100,-100,7
-93,-82,-85,-91,-100,-100,-100,-92,-100,2
-78,-93,-100,-76,-94,-100,-100,-100,-100,6
-82,-100,-100,-73,-100,-100,-100,-52,-100,8
-86,-59,-100,-100,-57,-100,-100,-72,-100,1
-100,-100,-100,-100,-100,-100,-100,-100,-100,3
-88,-77,-100,-100,-70,-100,-100,-100,-100,7
-76,-88,-100,-75,-100,-100,-100,-68,-100,4
-92,-81,-87,-100,-100,-88,-100,-100,-100,2
-76,-89,-100,-77,-100,-100,-100,-100,-100,6
-100,-60,-87,-100,-59,-100,-100,-73,-100,1
-85,-88,-100,-84,-100,-100,-100,-51,-100,8
-89,-76,-89,-100,-71,-100,-100,-100,-100,7
-100,-100,-100,-100,-100,-100,-100,-100,-100,3
-82,-84,-100,-100,-100,-100,-78,-64,-100,4
-83,-100,-100,-100,-100,-100,-100,-100,-100,6
-92,-81,-88,-91,-81,-92,-100,-100,-100,2
-100,-64,-100,-100,-63,-100,-100,-69,-100,1
-94,-77,-100,-100,-71,-100,-100,-100,-100,7
-100,-100,-100,-100,-100,-100,-100,-100,-100,3
-100,-89,-100,-100,-86,-100,-100,-52,-100,8
-75,-100,-100,-100,-100,-100,-100,-100,-100,6
-100,-100,-87,-100,-100,-87,-100,-100,-100,2
-82,-88,-100,-81,-100,-100,-100,-66,-100,4
-100,-66,-100,-100,-65,-100,-100,-66,-100,1
-100,-73,-89,-100,-72,-100,-100,-100,-100,7
-100,-100,-100,-100,-100,-100,-100,-100,-100,3
-93,-100,-100,-100,-100,-100,-100,-51,-100,8
-74,-100,-100,-76,-100,-100,-100,-100,-100,6
-100,-80,-100,-100,-80,-76,-100,-88,-100,2
-100,-60,-100,-100,-60,-100,-100,-72,-100,1
-100,-72,-100,-100,-70,-100,-100,-100,-100,7
-80,-100,-100,-100,-100,-100,-75,-68,-100,4
-100,-100,-100,-100,-100,-100,-100,-100,-100,3
-74,-100,-100,-71,-100,-100,-100,-91,-100,6
-100,-76,-84,-100,-100,-100,-100,-92,-100,2
-100,-86,-100,-87,-100,-100,-100,-53,-100,8
-100,-59,-100,-100,-59,-100,-100,-70,-100,1
-100,-72,-85,-100,-73,-88,-100,-100,-100,7
-84,-100,-100,-100,-100,-100,-100,-62,-100,4
-100,-100,-100,-100,-100,-100,-100,-100,-100,3
-72,-100,-100,-100,-100,-100,-100,-100,-100,6
-89,-80,-100,-100,-100,-82,-100,-91,-100,2
-100,-62,-100,-100,-61,-100,-100,-67,-100,1
-100,-76,-87,-88,-72,-100,-100,-100,-100,7
-80,-100,-100,-100,-100,-100,-100,-56,-100,4
-100,-100,-100,-100,-100,-100,-100,-100,-100,3
-72,-100,-100,-71,-100,-100,-100,-100,-100,6
-100,-84,-86,-100,-100,-86,-100,-100,-100,2
-100,-72,-100,-100,-70,-100,-100,-68,-100,1
-100,-75,-87,-100,-75,-87,-100,-100,-100,7
-72,-100,-100,-72,-100,-100,-60,-100,-100,6
-100,-100,-100,-100,-100,-100,-100,-100,-100,3
-100,-69,-100,-100,-68,-100,-88,-66,-100,1
-100,-88,-100,-100,-85,-100,-79,-70,-100,4
-100,-79,-84,-92,-78,-81,-86,-100,-100,2
-100,-75,-100,-100,-74,-100,-100,-100,-100,7
-72,-100,-100,-100,-100,-100,-58,-100,-100,6
-100,-65,-100,-100,-59,-100,-100,-72,-100,1
-89,-92,-84,-100,-100,-73,-100,-83,-100,2
-100,-100,-100,-100,-100,-100,-100,-100,-100,3
-100,-76,-100,-100,-75,-84,-100,-100,-100,7
-83,-100,-100,-83,-100,-100,-100,-63,-100,4
-72,-100,-100,-72,-100,-100,-100,-100,-100,6
-100,-62,-100,-100,-62,-100,-100,-73,-100,1
-89,-92,-83,-91,-100,-83,-100,-87,-100,2
-100,-73,-93,-90,-73,-100,-100,-100,-100,7
-100,-100,-100,-100,-100,-100,-100,-100,-100,3
-73,-100,-100,-74,-100,-100,-100,-100,-100,6
-87,-88,-100,-73,-100,-100,-100,-62,-100,4
-100,-61,-100,-100,-61,-100,-100,-65,-100,1
-81,-81,-88,-100,-100,-86,-100,-92,-100,2
-91,-76,-91,-100,-74,-90,-100,-100,-100,7
-100,-100,-100,-100,-100,-100,-100,-100,-100,3
-68,-100,-100,-100,-100,-100,-60,-100,-100,6
-89,-61,-100,-100,-61,-100,-88,-69,-100,1
-78,-91,-100,-100,-100,-100,-84,-62,-100,4
-86,-77,-80,-100,-78,-75,-91,-93,-100,2
-100,-76,-88,-100,-76,-100,-100,-100,-100,7
-100,-100,-100,-100,-100,-100,-100,-100,-100,3
-70,-100,-100,-70,-100,-100,-60,-100,-100,6
-100,-61,-100,-100,-62,-100,-79,-66,-100,1
-100,-76,-87,-100,-71,-100,-100,-100,-100,7
-91,-76,-86,-100,-77,-87,-90,-88,-100,2
-79,-91,-100,-79,-100,-100,-78,-60,-100,4
-100,-100,-100,-100,-100,-100,-100,-100,-100,3
-71,-100,-100,-100,-100,-100,-58,-100,-100,6
-89,-62,-100,-100,-63,-100,-100,-67,-100,1
-100,-77,-87,-100,-72,-100,-100,-100,-100,7
-100,-80,-83,-100,-100,-76,-100,-88,-100,2
-100,-100,-100,-100,-100,-100,-100,-100,-100,3
-71,-100,-100,-69,-100,-100,-100,-100,-100,6
-79,-100,-100,-71,-100,-100,-100,-61,-100,4
-100,-63,-100,-100,-62,-100,-100,-100,-100,1
-92,-76,-88,-100,-75,-85,-100,-100,-100,7
-100,-79,-82,-100,-100,-76,-100,-91,-100,2
-74,-100,-100,-72,-100,-100,-100,-100,-100,6
-100,-100,-100,-100,-100,-100,-100,-100,-100,3
-83,-100,-100,-100,-100,-100,-100,-60,-100,4
-100,-57,-100,-100,-57,-100,-100,-65,-100,1
-100,-73,-83,-100,-74,-83,-100,-100,-100,2
-100,-74,-87,-91,-71,-100,-100,-100,-100,7
-74,-100,-100,-100,-100,-100,-60,-100,-100,6
-100,-100,-100,-100,-100,-100,-100,-100,-100,3
-90,-55,-100,-84,-55,-100,-89,-60,-100,1
-90,-74,-83,-100,-70,-100,-100,-100,-100,7
-87,-100,-100,-100,-100,-100,-80,-61,-100,4
-89,-83,-81,-100,-100,-78,-80,-100,-100,2
-75,-100,-100,-72,-100,-100,-59,-100,-100,6
-100,-100,-100,-100,-100,-100,-100,-100,-100,3
-100,-54,-100,-86,-52,-100,-100,-100,-100,1
-100,-76,-100,-100,-72,-88,-100,-100,-100,7
-81,-91,-84,-83,-93,-84,-100,-86,-100,2
-100,-91,-100,-100,-92,-100,-100,-56,-100,4
-69,-100,-100,-100,-100,-100,-100,-100,-100,6
-86,-55,-100,-100,-51,-100,-100,-60,-100,1
